id,category,title_en,amazon_aed,amazon_usd,source,c_supply,b_supply,a_supply,amazon_en_url,amazon_ar_url
ORDER-371011,mobile,"Retail MagSafe Power Bank Set",99,27,search,$9,$7,$5,,
ORDER-371012,mobile,"Retail 65W GaN Fast Charger Kit",176.04,48,search,$16,$12,$10,,
ORDER-371013,mobile,"Retail Wireless Earbuds Retail Pack",158.98,43,detail,$14,$11,$9,,
ORDER-371014,mobile,"Retail Privacy Screen Protector Bundle",118.99,32,search,$11,$8,$6,,
ORDER-371015,mobile,"Retail Magnetic Car Phone Mount",108.95,30,search,$10,$8,$6,,
ORDER-371016,mobile,"Retail USB-C Hub Adapter",288.89,79,detail,$26,$20,$16,,
ORDER-371017,mobile,"Retail Smart Watch Strap Set",179,49,search,$16,$12,$10,,
ORDER-371018,mobile,"Retail Rugged Phone Case Bundle",118.99,32,search,$11,$8,$6,,
ORDER-371019,mobile,"Retail 3-in-1 Wireless Charging Stand",99,27,search,$9,$7,$5,,
ORDER-371020,mobile,"Retail Bluetooth Tracking Tag Pack",219,60,search,$20,$15,$12,,
ORDER-371021,mobile,"Pro MagSafe Power Bank Set",41,11,search,$4,$3,$2,,
ORDER-371022,mobile,"Pro 65W GaN Fast Charger Kit",74.99,20,detail,$7,$5,$4,,
ORDER-371023,mobile,"Pro Wireless Earbuds Retail Pack",134.99,37,search,$12,$9,$7,,
ORDER-371024,mobile,"Pro Privacy Screen Protector Bundle",300.14,82,search,$27,$21,$16,,
ORDER-371025,mobile,"Pro Magnetic Car Phone Mount",231.34,63,search,$21,$16,$13,,
ORDER-371026,mobile,"Pro USB-C Hub Adapter",121.5,33,search,$11,$8,$7,,
ORDER-371027,mobile,"Pro Smart Watch Strap Set",158.98,43,search,$14,$11,$9,,
ORDER-371028,mobile,"Pro Rugged Phone Case Bundle",118.99,32.4,category-median,$11,$8,$6,,
ORDER-371029,mobile,"Pro 3-in-1 Wireless Charging Stand",168.9,46,detail,$15,$12,$9,,
ORDER-371030,mobile,"Pro Bluetooth Tracking Tag Pack",218.95,60,search,$20,$15,$12,,
ORDER-371031,mobile,"Compact MagSafe Power Bank Set",87.37,24,search,$8,$6,$5,,
ORDER-371032,mobile,"Compact 65W GaN Fast Charger Kit",78.99,22,detail,$7,$6,$4,,
ORDER-371033,mobile,"Compact Wireless Earbuds Retail Pack",169,46,search,$15,$12,$9,,
ORDER-371034,mobile,"Compact Privacy Screen Protector Bundle",158.83,43,search,$14,$11,$9,,
ORDER-371035,mobile,"Compact Magnetic Car Phone Mount",35,10,search,$3,$3,$2,,
ORDER-371036,mobile,"Compact USB-C Hub Adapter",87,24,search,$8,$6,$5,,
ORDER-371037,mobile,"Compact Smart Watch Strap Set",85,23,search,$8,$6,$5,,
ORDER-371038,mobile,"Compact Rugged Phone Case Bundle",109.99,30,detail,$10,$8,$6,,
ORDER-371039,mobile,"Compact 3-in-1 Wireless Charging Stand",35.99,10,search,$3,$3,$2,,
ORDER-371040,mobile,"Compact Bluetooth Tracking Tag Pack",69.95,19,search,$6,$5,$4,,
ORDER-371041,mobile,"Premium MagSafe Power Bank Set",59,16,search,$5,$4,$3,,
ORDER-371042,mobile,"Premium 65W GaN Fast Charger Kit",102,28,search,$9,$7,$6,,
ORDER-371043,mobile,"Premium Wireless Earbuds Retail Pack",134.99,37,detail,$12,$9,$7,,
ORDER-371044,mobile,"Premium Privacy Screen Protector Bundle",119,32,search,$11,$8,$6,,
ORDER-371045,mobile,"Premium Magnetic Car Phone Mount",89,24,detail,$8,$6,$5,,
ORDER-371046,mobile,"Premium USB-C Hub Adapter",89.97,24,search,$8,$6,$5,,
ORDER-371047,mobile,"Premium Smart Watch Strap Set",89.79,24,detail,$8,$6,$5,,
ORDER-371048,mobile,"Premium Rugged Phone Case Bundle",85,23,search,$8,$6,$5,,
ORDER-371049,mobile,"Premium 3-in-1 Wireless Charging Stand",1157,315,search,$105,$79,$63,,
ORDER-371050,mobile,"Premium Bluetooth Tracking Tag Pack",319,87,detail,$29,$22,$17,,
ORDER-371051,mobile,"Travel MagSafe Power Bank Set",171.14,47,search,$16,$12,$9,,
ORDER-371052,mobile,"Travel 65W GaN Fast Charger Kit",499,136,detail,$45,$34,$27,,
ORDER-371053,mobile,"Travel Wireless Earbuds Retail Pack",129,35,detail,$12,$9,$7,,
ORDER-371054,mobile,"Travel Privacy Screen Protector Bundle",49,13,search,$4,$3,$3,,
ORDER-371055,mobile,"Travel Magnetic Car Phone Mount",171.14,47,search,$16,$12,$9,,
ORDER-371056,mobile,"Travel USB-C Hub Adapter",49,13,search,$4,$3,$3,,
ORDER-371057,mobile,"Travel Smart Watch Strap Set",68.98,19,search,$6,$5,$4,,
ORDER-371058,mobile,"Travel Rugged Phone Case Bundle",69,19,search,$6,$5,$4,,
ORDER-371059,mobile,"Travel 3-in-1 Wireless Charging Stand",231.34,63,detail,$21,$16,$13,,
ORDER-371060,mobile,"Travel Bluetooth Tracking Tag Pack",79.99,22,detail,$7,$6,$4,,
ORDER-371061,fashion,"Retail Premium Modest Wear Set",52,14,search,$5,$4,$3,,
ORDER-371062,fashion,"Retail Breathable Abaya Collection",88,24,search,$8,$6,$5,,
ORDER-371063,fashion,"Retail Men's Business Thobe Pack",188,51,search,$17,$13,$10,,
ORDER-371064,fashion,"Retail Luxury Hijab Bundle",99,27,search,$9,$7,$5,,
ORDER-371065,fashion,"Retail Kaftan Lounge Set",35,10,search,$3,$3,$2,,
ORDER-371066,fashion,"Retail Modest Activewear Set",188,51,search,$17,$13,$10,,
ORDER-371067,fashion,"Retail Family Eid Outfit Pack",202,55,search,$18,$14,$11,,
ORDER-371068,fashion,"Retail Men's Sandal Retail Set",43.52,12,search,$4,$3,$2,,
ORDER-371069,fashion,"Retail Women's Tote & Scarf Set",129,35,detail,$12,$9,$7,,
ORDER-371070,fashion,"Retail Premium Prayer Wear Set",58,16,search,$5,$4,$3,,
ORDER-371071,fashion,"Pro Premium Modest Wear Set",89,24,search,$8,$6,$5,,
ORDER-371072,fashion,"Pro Breathable Abaya Collection",35,10,search,$3,$3,$2,,
ORDER-371073,fashion,"Pro Men's Business Thobe Pack",47,13,search,$4,$3,$3,,
ORDER-371074,fashion,"Pro Luxury Hijab Bundle",155,42,search,$14,$11,$8,,
ORDER-371075,fashion,"Pro Kaftan Lounge Set",76,21,search,$7,$5,$4,,
ORDER-371076,fashion,"Pro Modest Activewear Set",95,26,search,$9,$7,$5,,
ORDER-371077,fashion,"Pro Family Eid Outfit Pack",156.68,43,search,$14,$11,$9,,
ORDER-371078,fashion,"Pro Men's Sandal Retail Set",280,76,search,$25,$19,$15,,
ORDER-371079,fashion,"Pro Women's Tote & Scarf Set",184.94,50,search,$17,$13,$10,,
ORDER-371080,fashion,"Pro Premium Prayer Wear Set",35,10,search,$3,$3,$2,,
ORDER-371081,fashion,"Compact Premium Modest Wear Set",71,19,detail,$6,$5,$4,,
ORDER-371082,fashion,"Compact Breathable Abaya Collection",176,48,search,$16,$12,$10,,
ORDER-371083,fashion,"Compact Men's Business Thobe Pack",51.75,14,detail,$5,$4,$3,,
ORDER-371084,fashion,"Compact Luxury Hijab Bundle",89,24,search,$8,$6,$5,,
ORDER-371085,fashion,"Compact Kaftan Lounge Set",171,47,search,$16,$12,$9,,
ORDER-371086,fashion,"Compact Modest Activewear Set",89,24,search,$8,$6,$5,,
ORDER-371087,fashion,"Compact Family Eid Outfit Pack",62.81,17,search,$6,$4,$3,,
ORDER-371088,fashion,"Compact Men's Sandal Retail Set",181,49,search,$16,$12,$10,,
ORDER-371089,fashion,"Compact Women's Tote & Scarf Set",87,24,search,$8,$6,$5,,
ORDER-371090,fashion,"Compact Premium Prayer Wear Set",89,24,detail,$8,$6,$5,,
ORDER-371091,fashion,"Premium Premium Modest Wear Set",194,53,search,$18,$13,$11,,
ORDER-371092,fashion,"Premium Breathable Abaya Collection",35,10,search,$3,$3,$2,,
ORDER-371093,fashion,"Premium Men's Business Thobe Pack",89,24,search,$8,$6,$5,,
ORDER-371094,fashion,"Premium Luxury Hijab Bundle",95,26,search,$9,$7,$5,,
ORDER-371095,fashion,"Premium Kaftan Lounge Set",107.41,29,search,$10,$7,$6,,
ORDER-371096,fashion,"Premium Modest Activewear Set",121.67,33,search,$11,$8,$7,,
ORDER-371097,fashion,"Premium Family Eid Outfit Pack",50,14,search,$5,$4,$3,,
ORDER-371098,fashion,"Premium Men's Sandal Retail Set",99,27,search,$9,$7,$5,,
ORDER-371099,fashion,"Premium Women's Tote & Scarf Set",326.71,89,search,$30,$22,$18,,
ORDER-371100,fashion,"Premium Premium Prayer Wear Set",185,50,search,$17,$13,$10,,
ORDER-371101,fashion,"Travel Premium Modest Wear Set",350.1,95,search,$32,$24,$19,,
ORDER-371102,fashion,"Travel Breathable Abaya Collection",96.05,26,search,$9,$7,$5,,
ORDER-371103,fashion,"Travel Men's Business Thobe Pack",193,53,search,$18,$13,$11,,
ORDER-371104,fashion,"Travel Luxury Hijab Bundle",118.7,32,search,$11,$8,$6,,
ORDER-371105,fashion,"Travel Kaftan Lounge Set",207.66,57,detail,$19,$14,$11,,
ORDER-371106,fashion,"Travel Modest Activewear Set",129,35,search,$12,$9,$7,,
ORDER-371107,fashion,"Travel Family Eid Outfit Pack",135,37,search,$12,$9,$7,,
ORDER-371108,fashion,"Travel Men's Sandal Retail Set",107,29,detail,$10,$7,$6,,
ORDER-371109,fashion,"Travel Women's Tote & Scarf Set",52.26,14,detail,$5,$4,$3,,
ORDER-371110,fashion,"Travel Premium Prayer Wear Set",88,24,search,$8,$6,$5,,
ORDER-371111,jewelry,"Retail Smart Luxury Watch",1149,313,detail,$104,$78,$63,,
ORDER-371112,jewelry,"Retail Minimal Gold Jewelry Set",6699,1824,detail,$608,$456,$365,,
ORDER-371113,jewelry,"Retail Luxury Watch Display Box",3059,833,detail,$278,$208,$167,,
ORDER-371114,jewelry,"Retail Men's Steel Bracelet Set",79.9,22,detail,$7,$6,$4,,
ORDER-371115,jewelry,"Retail Pearl Necklace Gift Box",169,46,detail,$15,$12,$9,,
ORDER-371116,jewelry,"Retail Arabic Initial Pendant Set",160,44,detail,$15,$11,$9,,
ORDER-371117,jewelry,"Retail Women's Fashion Watch Pack",392,107,detail,$36,$27,$21,,
ORDER-371118,jewelry,"Retail Travel Jewelry Organizer",180,49,detail,$16,$12,$10,,
ORDER-371119,jewelry,"Retail Luxury Cufflink Set",960,261,detail,$87,$65,$52,,
ORDER-371120,jewelry,"Retail Crystal Bracelet Gift Set",117,32,detail,$11,$8,$6,,
ORDER-371121,jewelry,"Pro Smart Luxury Watch",185,50,detail,$17,$13,$10,,
ORDER-371122,jewelry,"Pro Minimal Gold Jewelry Set",183,49.83,category-median,$17,$12,$10,,
ORDER-371123,jewelry,"Pro Luxury Watch Display Box",235,64,detail,$21,$16,$13,,
ORDER-371124,jewelry,"Pro Men's Steel Bracelet Set",215,59,detail,$20,$15,$12,,
ORDER-371125,jewelry,"Pro Pearl Necklace Gift Box",77,21,detail,$7,$5,$4,,
ORDER-371126,jewelry,"Pro Arabic Initial Pendant Set",369,100,detail,$33,$25,$20,,
ORDER-371127,jewelry,"Pro Women's Fashion Watch Pack",445,121,detail,$40,$30,$24,,
ORDER-371128,jewelry,"Pro Travel Jewelry Organizer",125,34,search,$11,$9,$7,,
ORDER-371129,jewelry,"Pro Luxury Cufflink Set",181,49,detail,$16,$12,$10,,
ORDER-371130,jewelry,"Pro Crystal Bracelet Gift Set",129,35,search,$12,$9,$7,,
ORDER-371131,jewelry,"Compact Smart Luxury Watch",339,92,detail,$31,$23,$18,,
ORDER-371132,jewelry,"Compact Minimal Gold Jewelry Set",1800,490,detail,$163,$123,$98,,
ORDER-371133,jewelry,"Compact Luxury Watch Display Box",125,34,detail,$11,$9,$7,,
ORDER-371134,jewelry,"Compact Men's Steel Bracelet Set",117.96,32,search,$11,$8,$6,,
ORDER-371135,jewelry,"Compact Pearl Necklace Gift Box",59.99,16,detail,$5,$4,$3,,
ORDER-371136,jewelry,"Compact Arabic Initial Pendant Set",119.51,33,detail,$11,$8,$7,,
ORDER-371137,jewelry,"Compact Women's Fashion Watch Pack",185,50,detail,$17,$13,$10,,
ORDER-371138,jewelry,"Compact Travel Jewelry Organizer",152,41,search,$14,$10,$8,,
ORDER-371139,jewelry,"Compact Luxury Cufflink Set",160.88,44,detail,$15,$11,$9,,
ORDER-371140,jewelry,"Compact Crystal Bracelet Gift Set",165,45,detail,$15,$11,$9,,
ORDER-371141,jewelry,"Premium Smart Luxury Watch",183,49.83,category-median,$17,$12,$10,,
ORDER-371142,jewelry,"Premium Minimal Gold Jewelry Set",159,43,search,$14,$11,$9,,
ORDER-371143,jewelry,"Premium Luxury Watch Display Box",209.99,57,detail,$19,$14,$11,,
ORDER-371144,jewelry,"Premium Men's Steel Bracelet Set",116.99,32,detail,$11,$8,$6,,
ORDER-371145,jewelry,"Premium Pearl Necklace Gift Box",919,250,detail,$83,$63,$50,,
ORDER-371146,jewelry,"Premium Arabic Initial Pendant Set",125,34,detail,$11,$9,$7,,
ORDER-371147,jewelry,"Premium Women's Fashion Watch Pack",1520,414,detail,$138,$104,$83,,
ORDER-371148,jewelry,"Premium Travel Jewelry Organizer",115,31,search,$10,$8,$6,,
ORDER-371149,jewelry,"Premium Luxury Cufflink Set",117.85,32,search,$11,$8,$6,,
ORDER-371150,jewelry,"Premium Crystal Bracelet Gift Set",487,133,detail,$44,$33,$27,,
ORDER-371151,jewelry,"Travel Smart Luxury Watch",849,231,search,$77,$58,$46,,
ORDER-371152,jewelry,"Travel Minimal Gold Jewelry Set",250,68,detail,$23,$17,$14,,
ORDER-371153,jewelry,"Travel Luxury Watch Display Box",285.58,78,search,$26,$20,$16,,
ORDER-371154,jewelry,"Travel Men's Steel Bracelet Set",77.8,21,search,$7,$5,$4,,
ORDER-371155,jewelry,"Travel Pearl Necklace Gift Box",215,59,detail,$20,$15,$12,,
ORDER-371156,jewelry,"Travel Arabic Initial Pendant Set",287,78,search,$26,$20,$16,,
ORDER-371157,jewelry,"Travel Women's Fashion Watch Pack",110.37,30,detail,$10,$8,$6,,
ORDER-371158,jewelry,"Travel Travel Jewelry Organizer",120,33,detail,$11,$8,$7,,
ORDER-371159,jewelry,"Travel Luxury Cufflink Set",600,163,search,$54,$41,$33,,
ORDER-371160,jewelry,"Travel Crystal Bracelet Gift Set",280,76,search,$25,$19,$15,,
ORDER-371161,home,"Retail Compact Air Fryer",69.99,19,detail,$6,$5,$4,,
ORDER-371162,home,"Retail Arabic Coffee Gift Kit",55.99,15,detail,$5,$4,$3,,
ORDER-371163,home,"Retail Electric Kettle Set",45.99,13,detail,$4,$3,$3,,
ORDER-371164,home,"Retail Capsule Coffee Machine",68,19,search,$6,$5,$4,,
ORDER-371165,home,"Retail Kitchen Storage Organizer",129,35,search,$12,$9,$7,,
ORDER-371166,home,"Retail Digital Kitchen Scale",49,13,search,$4,$3,$3,,
ORDER-371167,home,"Retail Countertop Blender",59.31,16,detail,$5,$4,$3,,
ORDER-371168,home,"Retail Stainless Cookware Set",108.89,30,detail,$10,$8,$6,,
ORDER-371169,home,"Retail Smart Home Diffuser",55.99,15.25,category-median,$5,$4,$3,,
ORDER-371170,home,"Retail Cordless Vacuum Cleaner",37.7,10,detail,$3,$3,$2,,
ORDER-371171,home,"Pro Compact Air Fryer",42.75,12,detail,$4,$3,$2,,
ORDER-371172,home,"Pro Arabic Coffee Gift Kit",99,27,detail,$9,$7,$5,,
ORDER-371173,home,"Pro Electric Kettle Set",55,15,detail,$5,$4,$3,,
ORDER-371174,home,"Pro Capsule Coffee Machine",42,11,detail,$4,$3,$2,,
ORDER-371175,home,"Pro Kitchen Storage Organizer",80,22,detail,$7,$6,$4,,
ORDER-371176,home,"Pro Digital Kitchen Scale",145,39,detail,$13,$10,$8,,
ORDER-371177,home,"Pro Countertop Blender",185,50,detail,$17,$13,$10,,
ORDER-371178,home,"Pro Stainless Cookware Set",73,20,search,$7,$5,$4,,
ORDER-371179,home,"Pro Smart Home Diffuser",29.95,8,search,$3,$2,$2,,
ORDER-371180,home,"Pro Cordless Vacuum Cleaner",18.81,5,detail,$2,$1,$1,,
ORDER-371181,home,"Compact Compact Air Fryer",12.99,4,search,$1,$1,$1,,
ORDER-371182,home,"Compact Arabic Coffee Gift Kit",31.4,9,search,$3,$2,$2,,
ORDER-371183,home,"Compact Electric Kettle Set",31.48,9,search,$3,$2,$2,,
ORDER-371184,home,"Compact Capsule Coffee Machine",27.25,7,search,$2,$2,$1,,
ORDER-371185,home,"Compact Kitchen Storage Organizer",95,26,search,$9,$7,$5,,
ORDER-371186,home,"Compact Digital Kitchen Scale",69.9,19,search,$6,$5,$4,,
ORDER-371187,home,"Compact Countertop Blender",13.5,4,search,$1,$1,$1,,
ORDER-371188,home,"Compact Stainless Cookware Set",60,16,search,$5,$4,$3,,
ORDER-371189,home,"Compact Smart Home Diffuser",18.8,5,search,$2,$1,$1,,
ORDER-371190,home,"Compact Cordless Vacuum Cleaner",29,8,search,$3,$2,$2,,
ORDER-371191,home,"Premium Compact Air Fryer",18.81,5,search,$2,$1,$1,,
ORDER-371192,home,"Premium Arabic Coffee Gift Kit",32.43,9,search,$3,$2,$2,,
ORDER-371193,home,"Premium Electric Kettle Set",145.98,40,detail,$13,$10,$8,,
ORDER-371194,home,"Premium Capsule Coffee Machine",55.99,15,search,$5,$4,$3,,
ORDER-371195,home,"Premium Kitchen Storage Organizer",68,19,search,$6,$5,$4,,
ORDER-371196,home,"Premium Digital Kitchen Scale",31.9,9,search,$3,$2,$2,,
ORDER-371197,home,"Premium Countertop Blender",75,20,search,$7,$5,$4,,
ORDER-371198,home,"Premium Stainless Cookware Set",70,19,search,$6,$5,$4,,
ORDER-371199,home,"Premium Smart Home Diffuser",22.86,6,detail,$2,$2,$1,,
ORDER-371200,home,"Premium Cordless Vacuum Cleaner",29.77,8,detail,$3,$2,$2,,
ORDER-371201,home,"Travel Compact Air Fryer",83.72,23,search,$8,$6,$5,,
ORDER-371202,home,"Travel Arabic Coffee Gift Kit",115,31,detail,$10,$8,$6,,
ORDER-371203,home,"Travel Electric Kettle Set",100,27,search,$9,$7,$5,,
ORDER-371204,home,"Travel Capsule Coffee Machine",38.99,11,search,$4,$3,$2,,
ORDER-371205,home,"Travel Kitchen Storage Organizer",59.99,16,search,$5,$4,$3,,
ORDER-371206,home,"Travel Digital Kitchen Scale",68,19,search,$6,$5,$4,,
ORDER-371207,home,"Travel Countertop Blender",79.99,22,search,$7,$6,$4,,
ORDER-371208,home,"Travel Stainless Cookware Set",35.98,10,search,$3,$3,$2,,
ORDER-371209,home,"Travel Smart Home Diffuser",16.6,5,search,$2,$1,$1,,
ORDER-371210,home,"Travel Cordless Vacuum Cleaner",24.79,7,search,$2,$2,$1,,
ORDER-371211,furniture,"Retail LED Decor Light Panel",59.99,16,detail,$5,$4,$3,,
ORDER-371212,furniture,"Retail Foldable Study Desk",49.99,14,detail,$5,$4,$3,,
ORDER-371213,furniture,"Retail Luxury Storage Organizer",84.99,23,detail,$8,$6,$5,,
ORDER-371214,furniture,"Retail 3D LED Wall Clock",36.99,10,search,$3,$3,$2,,
ORDER-371215,furniture,"Retail Velvet Hanger Storage Pack",20.2,6,search,$2,$2,$1,,
ORDER-371216,furniture,"Retail Gaming Chair Cushion Set",36,10,search,$3,$3,$2,,
ORDER-371217,furniture,"Retail Minimal Coffee Table",45.9,12,detail,$4,$3,$2,,
ORDER-371218,furniture,"Retail Decorative Floor Lamp",49.9,14,detail,$5,$4,$3,,
ORDER-371219,furniture,"Retail Under-Sink Organizer Rack",49.98,14,detail,$5,$4,$3,,
ORDER-371220,furniture,"Retail Luxury Cushion Cover Set",31.92,9,search,$3,$2,$2,,
ORDER-371221,furniture,"Pro LED Decor Light Panel",145,39,search,$13,$10,$8,,
ORDER-371222,furniture,"Pro Foldable Study Desk",31.2,8,search,$3,$2,$2,,
ORDER-371223,furniture,"Pro Luxury Storage Organizer",69.9,19,search,$6,$5,$4,,
ORDER-371224,furniture,"Pro 3D LED Wall Clock",24.89,7,search,$2,$2,$1,,
ORDER-371225,furniture,"Pro Velvet Hanger Storage Pack",19.9,5,search,$2,$1,$1,,
ORDER-371226,furniture,"Pro Gaming Chair Cushion Set",35.99,10,search,$3,$3,$2,,
ORDER-371227,furniture,"Pro Minimal Coffee Table",24.6,7,search,$2,$2,$1,,
ORDER-371228,furniture,"Pro Decorative Floor Lamp",69.7,19,search,$6,$5,$4,,
ORDER-371229,furniture,"Pro Under-Sink Organizer Rack",20,5,search,$2,$1,$1,,
ORDER-371230,furniture,"Pro Luxury Cushion Cover Set",29,8,search,$3,$2,$2,,
ORDER-371231,furniture,"Compact LED Decor Light Panel",81.09,22,search,$7,$6,$4,,
ORDER-371232,furniture,"Compact Foldable Study Desk",60,16,search,$5,$4,$3,,
ORDER-371233,furniture,"Compact Luxury Storage Organizer",27.77,8,search,$3,$2,$2,,
ORDER-371234,furniture,"Compact 3D LED Wall Clock",12.95,4,search,$1,$1,$1,,
ORDER-371235,furniture,"Compact Velvet Hanger Storage Pack",19.88,5,search,$2,$1,$1,,
ORDER-371236,furniture,"Compact Gaming Chair Cushion Set",89.96,24,search,$8,$6,$5,,
ORDER-371237,furniture,"Compact Minimal Coffee Table",28.36,8,search,$3,$2,$2,,
ORDER-371238,furniture,"Compact Decorative Floor Lamp",28,8,search,$3,$2,$2,,
ORDER-371239,furniture,"Compact Under-Sink Organizer Rack",29.99,8,search,$3,$2,$2,,
ORDER-371240,furniture,"Compact Luxury Cushion Cover Set",89.99,25,search,$8,$6,$5,,
ORDER-371241,furniture,"Premium LED Decor Light Panel",29.55,8,search,$3,$2,$2,,
ORDER-371242,furniture,"Premium Foldable Study Desk",78,21,search,$7,$5,$4,,
ORDER-371243,furniture,"Premium Luxury Storage Organizer",19.9,5,search,$2,$1,$1,,
ORDER-371244,furniture,"Premium 3D LED Wall Clock",57.99,16,search,$5,$4,$3,,
ORDER-371245,furniture,"Premium Velvet Hanger Storage Pack",21.63,6,search,$2,$2,$1,,
ORDER-371246,furniture,"Premium Gaming Chair Cushion Set",59,16,search,$5,$4,$3,,
ORDER-371247,furniture,"Premium Minimal Coffee Table",38,10,search,$3,$3,$2,,
ORDER-371248,furniture,"Premium Decorative Floor Lamp",27.88,8,search,$3,$2,$2,,
ORDER-371249,furniture,"Premium Under-Sink Organizer Rack",24.62,7,search,$2,$2,$1,,
ORDER-371250,furniture,"Premium Luxury Cushion Cover Set",46.88,13,detail,$4,$3,$3,,
ORDER-371251,furniture,"Travel LED Decor Light Panel",12,3,search,$1,$1,$1,,
ORDER-371252,furniture,"Travel Foldable Study Desk",33,9,search,$3,$2,$2,,
ORDER-371253,furniture,"Travel Luxury Storage Organizer",35.99,10,search,$3,$3,$2,,
ORDER-371254,furniture,"Travel 3D LED Wall Clock",33,8.99,category-median,$3,$2,$2,,
ORDER-371255,furniture,"Travel Velvet Hanger Storage Pack",20.99,6,search,$2,$2,$1,,
ORDER-371256,furniture,"Travel Gaming Chair Cushion Set",13.99,4,search,$1,$1,$1,,
ORDER-371257,furniture,"Travel Minimal Coffee Table",21,6,search,$2,$2,$1,,
ORDER-371258,furniture,"Travel Decorative Floor Lamp",22.3,6,search,$2,$2,$1,,
ORDER-371259,furniture,"Travel Under-Sink Organizer Rack",37.9,10,search,$3,$3,$2,,
ORDER-371260,furniture,"Travel Luxury Cushion Cover Set",39.7,11,search,$4,$3,$2,,
ORDER-371261,auto,"Retail Car Smart Display Kit",36.9,10,detail,$3,$3,$2,,
ORDER-371262,auto,"Retail Car Cooling Seat Pad",36.9,10,detail,$3,$3,$2,,
ORDER-371263,auto,"Retail Premium Car Vacuum Set",38.9,11,detail,$4,$3,$2,,
ORDER-371264,auto,"Retail 4K Dash Camera",35.9,10,detail,$3,$3,$2,,
ORDER-371265,auto,"Retail Magnetic Phone Car Charger",39.9,11,detail,$4,$3,$2,,
ORDER-371266,auto,"Retail Foldable Car Sunshade",55.9,15,detail,$5,$4,$3,,
ORDER-371267,auto,"Retail Portable Tire Inflator",49.9,14,detail,$5,$4,$3,,
ORDER-371268,auto,"Retail Car Trunk Organizer",39.9,11,detail,$4,$3,$2,,
ORDER-371269,auto,"Retail LED Ambient Light Kit",39.9,11,detail,$4,$3,$2,,
ORDER-371270,auto,"Retail Leather Steering Wheel Cover",9.99,3,search,$1,$1,$1,,
ORDER-371271,auto,"Pro Car Smart Display Kit",21,6,search,$2,$2,$1,,
ORDER-371272,auto,"Pro Car Cooling Seat Pad",32.98,9,search,$3,$2,$2,,
ORDER-371273,auto,"Pro Premium Car Vacuum Set",77.99,21,detail,$7,$5,$4,,
ORDER-371274,auto,"Pro 4K Dash Camera",67.99,19,detail,$6,$5,$4,,
ORDER-371275,auto,"Pro Magnetic Phone Car Charger",133.99,36,detail,$12,$9,$7,,
ORDER-371276,auto,"Pro Foldable Car Sunshade",13.99,4,search,$1,$1,$1,,
ORDER-371277,auto,"Pro Portable Tire Inflator",14.25,4,search,$1,$1,$1,,
ORDER-371278,auto,"Pro Car Trunk Organizer",8.8,2,search,$1,$1,$1,,
ORDER-371279,auto,"Pro LED Ambient Light Kit",39.99,11,detail,$4,$3,$2,,
ORDER-371280,auto,"Pro Leather Steering Wheel Cover",10.99,3,search,$1,$1,$1,,
ORDER-371281,auto,"Compact Car Smart Display Kit",8.3,2,search,$1,$1,$1,,
ORDER-371282,auto,"Compact Car Cooling Seat Pad",29.52,8,search,$3,$2,$2,,
ORDER-371283,auto,"Compact Premium Car Vacuum Set",20.9,6,search,$2,$2,$1,,
ORDER-371284,auto,"Compact 4K Dash Camera",7.2,2,search,$1,$1,$1,,
ORDER-371285,auto,"Compact Magnetic Phone Car Charger",66,18,search,$6,$5,$4,,
ORDER-371286,auto,"Compact Foldable Car Sunshade",15.29,4,search,$1,$1,$1,,
ORDER-371287,auto,"Compact Portable Tire Inflator",37,10,search,$3,$3,$2,,
ORDER-371288,auto,"Compact Car Trunk Organizer",39.5,11,search,$4,$3,$2,,
ORDER-371289,auto,"Compact LED Ambient Light Kit",10.28,3,search,$1,$1,$1,,
ORDER-371290,auto,"Compact Leather Steering Wheel Cover",19,5,search,$2,$1,$1,,
ORDER-371291,auto,"Premium Car Smart Display Kit",35.99,10,search,$3,$3,$2,,
ORDER-371292,auto,"Premium Car Cooling Seat Pad",31,8,search,$3,$2,$2,,
ORDER-371293,auto,"Premium Premium Car Vacuum Set",10,3,search,$1,$1,$1,,
ORDER-371294,auto,"Premium 4K Dash Camera",7.51,2,search,$1,$1,$1,,
ORDER-371295,auto,"Premium Magnetic Phone Car Charger",9.9,3,search,$1,$1,$1,,
ORDER-371296,auto,"Premium Foldable Car Sunshade",20,5,search,$2,$1,$1,,
ORDER-371297,auto,"Premium Portable Tire Inflator",49.28,13,search,$4,$3,$3,,
ORDER-371298,auto,"Premium Car Trunk Organizer",9.88,3,search,$1,$1,$1,,
ORDER-371299,auto,"Premium LED Ambient Light Kit",16.9,5,search,$2,$1,$1,,
ORDER-371300,auto,"Premium Leather Steering Wheel Cover",7.18,2,search,$1,$1,$1,,
ORDER-371301,auto,"Travel Car Smart Display Kit",19.89,5,search,$2,$1,$1,,
ORDER-371302,auto,"Travel Car Cooling Seat Pad",11.99,3,search,$1,$1,$1,,
ORDER-371303,auto,"Travel Premium Car Vacuum Set",89.99,25,search,$8,$6,$5,,
ORDER-371304,auto,"Travel 4K Dash Camera",18.54,5,search,$2,$1,$1,,
ORDER-371305,auto,"Travel Magnetic Phone Car Charger",20,5,search,$2,$1,$1,,
ORDER-371306,auto,"Travel Foldable Car Sunshade",10.11,3,search,$1,$1,$1,,
ORDER-371307,auto,"Travel Portable Tire Inflator",12.2,3,search,$1,$1,$1,,
ORDER-371308,auto,"Travel Car Trunk Organizer",36.5,10,search,$3,$3,$2,,
ORDER-371309,auto,"Travel LED Ambient Light Kit",23,6,search,$2,$2,$1,,
ORDER-371310,auto,"Travel Leather Steering Wheel Cover",18.49,5,search,$2,$1,$1,,
ORDER-371311,baby,"Retail Smart Baby Care Monitor",345,94,detail,$31,$24,$19,,
ORDER-371312,baby,"Retail Baby Travel Organizer",1048.95,286,search,$95,$72,$57,,
ORDER-371313,baby,"Retail Bottle Warmer Travel Kit",1048.95,286,detail,$95,$72,$57,,
ORDER-371314,baby,"Retail Diaper Backpack",1048.95,286,detail,$95,$72,$57,,
ORDER-371315,baby,"Retail Baby Stroller Fan",999,272,detail,$91,$68,$54,,
ORDER-371316,baby,"Retail Baby Feeding Bottle Set",212.31,58,detail,$19,$15,$12,,
ORDER-371317,baby,"Retail Portable Changing Mat",899,245,detail,$82,$61,$49,,
ORDER-371318,baby,"Retail Baby Safety Gate",499,136,detail,$45,$34,$27,,
ORDER-371319,baby,"Retail Nursery Night Light",339.99,93,detail,$31,$23,$19,,
ORDER-371320,baby,"Retail Baby Grooming Kit",220,60,detail,$20,$15,$12,,
ORDER-371321,baby,"Pro Smart Baby Care Monitor",1264.69,344,detail,$115,$86,$69,,
ORDER-371322,baby,"Pro Baby Travel Organizer",1609,438,detail,$146,$110,$88,,
ORDER-371323,baby,"Pro Bottle Warmer Travel Kit",675.3,184,detail,$61,$46,$37,,
ORDER-371324,baby,"Pro Diaper Backpack",148.99,41,detail,$14,$10,$8,,
ORDER-371325,baby,"Pro Baby Stroller Fan",498.98,136,detail,$45,$34,$27,,
ORDER-371326,baby,"Pro Baby Feeding Bottle Set",212.31,58,detail,$19,$15,$12,,
ORDER-371327,baby,"Pro Portable Changing Mat",329,90,detail,$30,$23,$18,,
ORDER-371328,baby,"Pro Baby Safety Gate",349,95,detail,$32,$24,$19,,
ORDER-371329,baby,"Pro Nursery Night Light",498.98,136,detail,$45,$34,$27,,
ORDER-371330,baby,"Pro Baby Grooming Kit",776.29,211,detail,$70,$53,$42,,
ORDER-371331,baby,"Compact Smart Baby Care Monitor",135.99,37,detail,$12,$9,$7,,
ORDER-371332,baby,"Compact Baby Travel Organizer",842.86,230,detail,$77,$58,$46,,
ORDER-371333,baby,"Compact Bottle Warmer Travel Kit",498.98,135.87,category-median,$45,$34,$27,,
ORDER-371334,baby,"Compact Diaper Backpack",143,39,detail,$13,$10,$8,,
ORDER-371335,baby,"Compact Baby Stroller Fan",383.9,105,detail,$35,$26,$21,,
ORDER-371336,baby,"Compact Baby Feeding Bottle Set",219.3,60,detail,$20,$15,$12,,
ORDER-371337,baby,"Compact Portable Changing Mat",529,144,detail,$48,$36,$29,,
ORDER-371338,baby,"Compact Baby Safety Gate",498.98,135.87,category-median,$45,$34,$27,,
ORDER-371339,baby,"Compact Nursery Night Light",498.98,135.87,category-median,$45,$34,$27,,
ORDER-371340,baby,"Compact Baby Grooming Kit",498.98,135.87,category-median,$45,$34,$27,,
ORDER-371341,baby,"Premium Smart Baby Care Monitor",199,54,search,$18,$14,$11,,
ORDER-371342,baby,"Premium Baby Travel Organizer",498.98,135.87,category-median,$45,$34,$27,,
ORDER-371343,baby,"Premium Bottle Warmer Travel Kit",498.98,135.87,category-median,$45,$34,$27,,
ORDER-371344,baby,"Premium Diaper Backpack",498.98,135.87,category-median,$45,$34,$27,,
ORDER-371345,baby,"Premium Baby Stroller Fan",498.98,135.87,category-median,$45,$34,$27,,
ORDER-371346,baby,"Premium Baby Feeding Bottle Set",133.03,36,search,$12,$9,$7,,
ORDER-371347,baby,"Premium Portable Changing Mat",498.98,135.87,category-median,$45,$34,$27,,
ORDER-371348,baby,"Premium Baby Safety Gate",498.98,135.87,category-median,$45,$34,$27,,
ORDER-371349,baby,"Premium Nursery Night Light",249,68,detail,$23,$17,$14,,
ORDER-371350,baby,"Premium Baby Grooming Kit",498.98,135.87,category-median,$45,$34,$27,,
ORDER-371351,baby,"Travel Smart Baby Care Monitor",498.98,135.87,category-median,$45,$34,$27,,
ORDER-371352,baby,"Travel Baby Travel Organizer",498.98,135.87,category-median,$45,$34,$27,,
ORDER-371353,baby,"Travel Bottle Warmer Travel Kit",338,92,detail,$31,$23,$18,,
ORDER-371354,baby,"Travel Diaper Backpack",512.82,140,search,$47,$35,$28,,
ORDER-371355,baby,"Travel Baby Stroller Fan",498.98,135.87,category-median,$45,$34,$27,,
ORDER-371356,baby,"Travel Baby Feeding Bottle Set",498.98,135.87,category-median,$45,$34,$27,,
ORDER-371357,baby,"Travel Portable Changing Mat",558,152,search,$51,$38,$30,,
ORDER-371358,baby,"Travel Baby Safety Gate",152.99,42,search,$14,$11,$8,,
ORDER-371359,baby,"Travel Nursery Night Light",539.13,147,search,$49,$37,$29,,
ORDER-371360,baby,"Travel Baby Grooming Kit",811.31,221,search,$74,$55,$44,,
ORDER-371361,health,"Retail Portable Wellness Massager",129.99,35.4,category-median,$12,$9,$7,,
ORDER-371362,health,"Retail Posture Support Belt",129.98,35,search,$12,$9,$7,,
ORDER-371363,health,"Retail Smart Fitness Scale",129.99,35.4,category-median,$12,$9,$7,,
ORDER-371364,health,"Retail Massage Gun Set",159.99,44,search,$15,$11,$9,,
ORDER-371365,health,"Retail Neck Heating Massager",30.51,8,search,$3,$2,$2,,
ORDER-371366,health,"Retail Digital Blood Pressure Monitor",139.9,38,search,$13,$10,$8,,
ORDER-371367,health,"Retail Walking Pad Compact Treadmill",129.99,35.4,category-median,$12,$9,$7,,
ORDER-371368,health,"Retail Resistance Band Training Kit",339,92,search,$31,$23,$18,,
ORDER-371369,health,"Retail Air Quality Monitor",339.97,93,search,$31,$23,$19,,
ORDER-371370,health,"Retail Ergonomic Office Cushion",129.99,35,search,$12,$9,$7,,
ORDER-371371,health,"Pro Portable Wellness Massager",289.99,79,search,$26,$20,$16,,
ORDER-371372,health,"Pro Posture Support Belt",89.99,25,search,$8,$6,$5,,
ORDER-371373,health,"Pro Smart Fitness Scale",199.98,54,search,$18,$14,$11,,
ORDER-371374,health,"Pro Massage Gun Set",109.95,30,search,$10,$8,$6,,
ORDER-371375,health,"Pro Neck Heating Massager",1487.07,405,search,$135,$101,$81,,
ORDER-371376,health,"Pro Digital Blood Pressure Monitor",79.98,22,search,$7,$6,$4,,
ORDER-371377,health,"Pro Walking Pad Compact Treadmill",45,12,search,$4,$3,$2,,
ORDER-371378,health,"Pro Resistance Band Training Kit",30.51,8,search,$3,$2,$2,,
ORDER-371379,health,"Pro Air Quality Monitor",89.99,25,search,$8,$6,$5,,
ORDER-371380,health,"Pro Ergonomic Office Cushion",281.98,77,search,$26,$19,$15,,
ORDER-371381,health,"Compact Portable Wellness Massager",248,68,search,$23,$17,$14,,
ORDER-371382,health,"Compact Posture Support Belt",145.9,40,search,$13,$10,$8,,
ORDER-371383,health,"Compact Smart Fitness Scale",45,12,search,$4,$3,$2,,
ORDER-371384,health,"Compact Massage Gun Set",239.97,65,detail,$22,$16,$13,,
ORDER-371385,health,"Compact Neck Heating Massager",31.8,9,search,$3,$2,$2,,
ORDER-371386,health,"Compact Digital Blood Pressure Monitor",279,76,search,$25,$19,$15,,
ORDER-371387,health,"Compact Walking Pad Compact Treadmill",199.99,54,search,$18,$14,$11,,
ORDER-371388,health,"Compact Resistance Band Training Kit",129.99,35.4,category-median,$12,$9,$7,,
ORDER-371389,health,"Compact Air Quality Monitor",159,43,search,$14,$11,$9,,
ORDER-371390,health,"Compact Ergonomic Office Cushion",80,22,search,$7,$6,$4,,
ORDER-371391,health,"Premium Portable Wellness Massager",159.99,44,search,$15,$11,$9,,
ORDER-371392,health,"Premium Posture Support Belt",95,26,search,$9,$7,$5,,
ORDER-371393,health,"Premium Smart Fitness Scale",369,100,search,$33,$25,$20,,
ORDER-371394,health,"Premium Massage Gun Set",66.99,18,search,$6,$5,$4,,
ORDER-371395,health,"Premium Neck Heating Massager",98.1,27,search,$9,$7,$5,,
ORDER-371396,health,"Premium Digital Blood Pressure Monitor",75.99,21,search,$7,$5,$4,,
ORDER-371397,health,"Premium Walking Pad Compact Treadmill",149,41,search,$14,$10,$8,,
ORDER-371398,health,"Premium Resistance Band Training Kit",129.99,35.4,category-median,$12,$9,$7,,
ORDER-371399,health,"Premium Air Quality Monitor",129.99,35.4,category-median,$12,$9,$7,,
ORDER-371400,health,"Premium Ergonomic Office Cushion",44.99,12,search,$4,$3,$2,,
ORDER-371401,health,"Travel Portable Wellness Massager",698.99,190,search,$63,$48,$38,,
ORDER-371402,health,"Travel Posture Support Belt",29.99,8,search,$3,$2,$2,,
ORDER-371403,health,"Travel Smart Fitness Scale",2849,776,search,$259,$194,$155,,
ORDER-371404,health,"Travel Massage Gun Set",30.5,8,search,$3,$2,$2,,
ORDER-371405,health,"Travel Neck Heating Massager",299.99,82,detail,$27,$21,$16,,
ORDER-371406,health,"Travel Digital Blood Pressure Monitor",129.99,35.4,category-median,$12,$9,$7,,
ORDER-371407,health,"Travel Walking Pad Compact Treadmill",49,13,search,$4,$3,$3,,
ORDER-371408,health,"Travel Resistance Band Training Kit",229,62,search,$21,$16,$12,,
ORDER-371409,health,"Travel Air Quality Monitor",24.9,7,search,$2,$2,$1,,
ORDER-371410,health,"Travel Ergonomic Office Cushion",100,27,search,$9,$7,$5,,
ORDER-371411,sports,"Retail Outdoor Cooling Gear",14799,4030,detail,$1343,$1008,$806,,
ORDER-371412,sports,"Retail Foldable Camping Chair",94.5,25.73,category-median,$9,$6,$5,,
ORDER-371413,sports,"Retail Hydration Fitness Pack",12999,3540,search,$1180,$885,$708,,
ORDER-371414,sports,"Retail Padel Racket Starter Set",24.9,7,search,$2,$2,$1,,
ORDER-371415,sports,"Retail Yoga Mat Fitness Kit",26.74,7,search,$2,$2,$1,,
ORDER-371416,sports,"Retail Adjustable Dumbbell Set",34.95,10,search,$3,$3,$2,,
ORDER-371417,sports,"Retail Camping Lantern Power Bank",40,11,search,$4,$3,$2,,
ORDER-371418,sports,"Retail Cooling Sports Towel Pack",25,7,search,$2,$2,$1,,
ORDER-371419,sports,"Retail Insulated Water Bottle Set",94.5,25.73,category-median,$9,$6,$5,,
ORDER-371420,sports,"Retail Portable Beach Shade",99.99,27,search,$9,$7,$5,,
ORDER-371421,sports,"Pro Outdoor Cooling Gear",36.1,10,search,$3,$3,$2,,
ORDER-371422,sports,"Pro Foldable Camping Chair",1680.02,457,search,$152,$114,$91,,
ORDER-371423,sports,"Pro Hydration Fitness Pack",40.31,11,search,$4,$3,$2,,
ORDER-371424,sports,"Pro Padel Racket Starter Set",74.99,20,search,$7,$5,$4,,
ORDER-371425,sports,"Pro Yoga Mat Fitness Kit",1599,435,detail,$145,$109,$87,,
ORDER-371426,sports,"Pro Adjustable Dumbbell Set",799,218,detail,$73,$55,$44,,
ORDER-371427,sports,"Pro Camping Lantern Power Bank",94.5,25.73,category-median,$9,$6,$5,,
ORDER-371428,sports,"Pro Cooling Sports Towel Pack",99,27,search,$9,$7,$5,,
ORDER-371429,sports,"Pro Insulated Water Bottle Set",90,25,search,$8,$6,$5,,
ORDER-371430,sports,"Pro Portable Beach Shade",55,15,search,$5,$4,$3,,
ORDER-371431,sports,"Compact Outdoor Cooling Gear",14.89,4,search,$1,$1,$1,,
ORDER-371432,sports,"Compact Foldable Camping Chair",159.99,44,search,$15,$11,$9,,
ORDER-371433,sports,"Compact Hydration Fitness Pack",24,7,search,$2,$2,$1,,
ORDER-371434,sports,"Compact Padel Racket Starter Set",46.65,13,search,$4,$3,$3,,
ORDER-371435,sports,"Compact Yoga Mat Fitness Kit",259,71,search,$24,$18,$14,,
ORDER-371436,sports,"Compact Adjustable Dumbbell Set",69,19,search,$6,$5,$4,,
ORDER-371437,sports,"Compact Camping Lantern Power Bank",119.99,33,search,$11,$8,$7,,
ORDER-371438,sports,"Compact Cooling Sports Towel Pack",2438.42,664,search,$221,$166,$133,,
ORDER-371439,sports,"Compact Insulated Water Bottle Set",132,36,search,$12,$9,$7,,
ORDER-371440,sports,"Compact Portable Beach Shade",31,8,search,$3,$2,$2,,
ORDER-371441,sports,"Premium Outdoor Cooling Gear",94.5,25.73,category-median,$9,$6,$5,,
ORDER-371442,sports,"Premium Foldable Camping Chair",134.99,37,search,$12,$9,$7,,
ORDER-371443,sports,"Premium Hydration Fitness Pack",23,6,search,$2,$2,$1,,
ORDER-371444,sports,"Premium Padel Racket Starter Set",9.9,3,search,$1,$1,$1,,
ORDER-371445,sports,"Premium Yoga Mat Fitness Kit",12,3,search,$1,$1,$1,,
ORDER-371446,sports,"Premium Adjustable Dumbbell Set",69,19,search,$6,$5,$4,,
ORDER-371447,sports,"Premium Camping Lantern Power Bank",78,21,search,$7,$5,$4,,
ORDER-371448,sports,"Premium Cooling Sports Towel Pack",2460.93,670,search,$223,$168,$134,,
ORDER-371449,sports,"Premium Insulated Water Bottle Set",119,32,search,$11,$8,$6,,
ORDER-371450,sports,"Premium Portable Beach Shade",99,27,search,$9,$7,$5,,
ORDER-371451,sports,"Travel Outdoor Cooling Gear",20,5,search,$2,$1,$1,,
ORDER-371452,sports,"Travel Foldable Camping Chair",94.5,25.73,category-median,$9,$6,$5,,
ORDER-371453,sports,"Travel Hydration Fitness Pack",34.89,10,search,$3,$3,$2,,
ORDER-371454,sports,"Travel Padel Racket Starter Set",94.5,25.73,category-median,$9,$6,$5,,
ORDER-371455,sports,"Travel Yoga Mat Fitness Kit",215.96,59,search,$20,$15,$12,,
ORDER-371456,sports,"Travel Adjustable Dumbbell Set",105,29,search,$10,$7,$6,,
ORDER-371457,sports,"Travel Camping Lantern Power Bank",98.99,27,search,$9,$7,$5,,
ORDER-371458,sports,"Travel Cooling Sports Towel Pack",2438.42,664,search,$221,$166,$133,,
ORDER-371459,sports,"Travel Insulated Water Bottle Set",119.99,33,search,$11,$8,$7,,
ORDER-371460,sports,"Travel Portable Beach Shade",299.95,82,search,$27,$21,$16,,
ORDER-371461,creator,"Retail Live Commerce Creator Kit",359,98,search,$33,$25,$20,,
ORDER-371462,creator,"Retail Portable Studio Light",80.99,22,search,$7,$6,$4,,
ORDER-371463,creator,"Retail Wireless Lavalier Mic Set",89.04,24,search,$8,$6,$5,,
ORDER-371464,creator,"Retail Product Photo Light Box",55.4,15,search,$5,$4,$3,,
ORDER-371465,creator,"Retail Phone Tripod With Remote",269.99,74,search,$25,$19,$15,,
ORDER-371466,creator,"Retail Desktop Teleprompter Kit",80,21.78,category-median,$7,$5,$4,,
ORDER-371467,creator,"Retail RGB Background Light Bar",89.9,24,search,$8,$6,$5,,
ORDER-371468,creator,"Retail Mobile Gimbal Stabilizer",27.9,8,search,$3,$2,$2,,
ORDER-371469,creator,"Retail USB Podcast Microphone",79,22,search,$7,$6,$4,,
ORDER-371470,creator,"Retail Green Screen Backdrop Set",19,5,search,$2,$1,$1,,
ORDER-371471,creator,"Pro Live Commerce Creator Kit",207.87,57,search,$19,$14,$11,,
ORDER-371472,creator,"Pro Portable Studio Light",119.99,33,search,$11,$8,$7,,
ORDER-371473,creator,"Pro Wireless Lavalier Mic Set",28.99,8,search,$3,$2,$2,,
ORDER-371474,creator,"Pro Product Photo Light Box",29.99,8,search,$3,$2,$2,,
ORDER-371475,creator,"Pro Phone Tripod With Remote",64.5,18,search,$6,$5,$4,,
ORDER-371476,creator,"Pro Desktop Teleprompter Kit",33,9,search,$3,$2,$2,,
ORDER-371477,creator,"Pro RGB Background Light Bar",212.01,58,search,$19,$15,$12,,
ORDER-371478,creator,"Pro Mobile Gimbal Stabilizer",62,17,search,$6,$4,$3,,
ORDER-371479,creator,"Pro USB Podcast Microphone",99.99,27,search,$9,$7,$5,,
ORDER-371480,creator,"Pro Green Screen Backdrop Set",80,22,search,$7,$6,$4,,
ORDER-371481,creator,"Compact Live Commerce Creator Kit",54,15,search,$5,$4,$3,,
ORDER-371482,creator,"Compact Portable Studio Light",159,43,search,$14,$11,$9,,
ORDER-371483,creator,"Compact Wireless Lavalier Mic Set",135.9,37,search,$12,$9,$7,,
ORDER-371484,creator,"Compact Product Photo Light Box",58.94,16,search,$5,$4,$3,,
ORDER-371485,creator,"Compact Phone Tripod With Remote",49.6,14,search,$5,$4,$3,,
ORDER-371486,creator,"Compact Desktop Teleprompter Kit",34.65,9,search,$3,$2,$2,,
ORDER-371487,creator,"Compact RGB Background Light Bar",299.99,82,search,$27,$21,$16,,
ORDER-371488,creator,"Compact Mobile Gimbal Stabilizer",25,7,search,$2,$2,$1,,
ORDER-371489,creator,"Compact USB Podcast Microphone",269,73,search,$24,$18,$15,,
ORDER-371490,creator,"Compact Green Screen Backdrop Set",44.9,12,search,$4,$3,$2,,
ORDER-371491,creator,"Premium Live Commerce Creator Kit",122.99,33,search,$11,$8,$7,,
ORDER-371492,creator,"Premium Portable Studio Light",80,21.78,category-median,$7,$5,$4,,
ORDER-371493,creator,"Premium Wireless Lavalier Mic Set",102.99,28,search,$9,$7,$6,,
ORDER-371494,creator,"Premium Product Photo Light Box",206.1,56,search,$19,$14,$11,,
ORDER-371495,creator,"Premium Phone Tripod With Remote",59,16,search,$5,$4,$3,,
ORDER-371496,creator,"Premium Desktop Teleprompter Kit",16.08,4,search,$1,$1,$1,,
ORDER-371497,creator,"Premium RGB Background Light Bar",49.99,14,search,$5,$4,$3,,
ORDER-371498,creator,"Premium Mobile Gimbal Stabilizer",47.24,13,search,$4,$3,$3,,
ORDER-371499,creator,"Premium USB Podcast Microphone",34.99,10,search,$3,$3,$2,,
ORDER-371500,creator,"Premium Green Screen Backdrop Set",44.4,12,search,$4,$3,$2,,
ORDER-371501,creator,"Travel Live Commerce Creator Kit",239.99,65,search,$22,$16,$13,,
ORDER-371502,creator,"Travel Portable Studio Light",39.99,11,search,$4,$3,$2,,
ORDER-371503,creator,"Travel Wireless Lavalier Mic Set",195.99,53,search,$18,$13,$11,,
ORDER-371504,creator,"Travel Product Photo Light Box",80,21.78,category-median,$7,$5,$4,,
ORDER-371505,creator,"Travel Phone Tripod With Remote",100,27,search,$9,$7,$5,,
ORDER-371506,creator,"Travel Desktop Teleprompter Kit",459,125,search,$42,$31,$25,,
ORDER-371507,creator,"Travel RGB Background Light Bar",119,32,detail,$11,$8,$6,,
ORDER-371508,creator,"Travel Mobile Gimbal Stabilizer",193.99,53,search,$18,$13,$11,,
ORDER-371509,creator,"Travel USB Podcast Microphone",39.99,11,search,$4,$3,$2,,
ORDER-371510,creator,"Travel Green Screen Backdrop Set",120,33,search,$11,$8,$7,,
ORDER-371511,travel,"Retail Premium Travel Bag Set",249.99,68.07,category-median,$23,$17,$14,,
ORDER-371512,travel,"Retail Smart Carry-On Scale",249.99,68.07,category-median,$23,$17,$14,,
ORDER-371513,travel,"Retail Luxury Packing Cube Set",249.99,68.07,category-median,$23,$17,$14,,
ORDER-371514,travel,"Retail Universal Travel Adapter",1917.95,522,detail,$174,$131,$104,,
ORDER-371515,travel,"Retail Hardshell Luggage Set",249.99,68.07,category-median,$23,$17,$14,,
ORDER-371516,travel,"Retail Anti-Theft Backpack",249.99,68.07,category-median,$23,$17,$14,,
ORDER-371517,travel,"Retail Travel Toiletry Organizer",249.99,68.07,category-median,$23,$17,$14,,
ORDER-371518,travel,"Retail Memory Foam Neck Pillow",249.99,68.07,category-median,$23,$17,$14,,
ORDER-371519,travel,"Retail Passport Wallet Set",165,45,detail,$15,$11,$9,,
ORDER-371520,travel,"Retail Foldable Weekender Bag",165,45,detail,$15,$11,$9,,
ORDER-371521,travel,"Pro Premium Travel Bag Set",249.99,68.07,category-median,$23,$17,$14,,
ORDER-371522,travel,"Pro Smart Carry-On Scale",249.99,68.07,category-median,$23,$17,$14,,
ORDER-371523,travel,"Pro Luxury Packing Cube Set",249.99,68.07,category-median,$23,$17,$14,,
ORDER-371524,travel,"Pro Universal Travel Adapter",249.99,68.07,category-median,$23,$17,$14,,
ORDER-371525,travel,"Pro Hardshell Luggage Set",249.99,68.07,category-median,$23,$17,$14,,
ORDER-371526,travel,"Pro Anti-Theft Backpack",165,45,detail,$15,$11,$9,,
ORDER-371527,travel,"Pro Travel Toiletry Organizer",249.99,68.07,category-median,$23,$17,$14,,
ORDER-371528,travel,"Pro Memory Foam Neck Pillow",249.99,68.07,category-median,$23,$17,$14,,
ORDER-371529,travel,"Pro Passport Wallet Set",249.99,68.07,category-median,$23,$17,$14,,
ORDER-371530,travel,"Pro Foldable Weekender Bag",249.99,68.07,category-median,$23,$17,$14,,
ORDER-371531,travel,"Compact Premium Travel Bag Set",249.99,68.07,category-median,$23,$17,$14,,
ORDER-371532,travel,"Compact Smart Carry-On Scale",249.99,68.07,category-median,$23,$17,$14,,
ORDER-371533,travel,"Compact Luxury Packing Cube Set",249.99,68.07,category-median,$23,$17,$14,,
ORDER-371534,travel,"Compact Universal Travel Adapter",249.99,68.07,category-median,$23,$17,$14,,
ORDER-371535,travel,"Compact Hardshell Luggage Set",249.99,68.07,category-median,$23,$17,$14,,
ORDER-371536,travel,"Compact Anti-Theft Backpack",249.99,68.07,category-median,$23,$17,$14,,
ORDER-371537,travel,"Compact Travel Toiletry Organizer",249.99,68.07,category-median,$23,$17,$14,,
ORDER-371538,travel,"Compact Memory Foam Neck Pillow",249.99,68.07,category-median,$23,$17,$14,,
ORDER-371539,travel,"Compact Passport Wallet Set",249.99,68.07,category-median,$23,$17,$14,,
ORDER-371540,travel,"Compact Foldable Weekender Bag",149,41,detail,$14,$10,$8,,
ORDER-371541,travel,"Premium Premium Travel Bag Set",249.99,68.07,category-median,$23,$17,$14,,
ORDER-371542,travel,"Premium Smart Carry-On Scale",249.99,68.07,category-median,$23,$17,$14,,
ORDER-371543,travel,"Premium Luxury Packing Cube Set",164.7,45,detail,$15,$11,$9,,
ORDER-371544,travel,"Premium Universal Travel Adapter",799,218,detail,$73,$55,$44,,
ORDER-371545,travel,"Premium Hardshell Luggage Set",249.99,68.07,category-median,$23,$17,$14,,
ORDER-371546,travel,"Premium Anti-Theft Backpack",249.99,68.07,category-median,$23,$17,$14,,
ORDER-371547,travel,"Premium Travel Toiletry Organizer",249.99,68.07,category-median,$23,$17,$14,,
ORDER-371548,travel,"Premium Memory Foam Neck Pillow",278,76,detail,$25,$19,$15,,
ORDER-371549,travel,"Premium Passport Wallet Set",249.99,68.07,category-median,$23,$17,$14,,
ORDER-371550,travel,"Premium Foldable Weekender Bag",249.99,68.07,category-median,$23,$17,$14,,
ORDER-371551,travel,"Travel Premium Travel Bag Set",249.99,68.07,category-median,$23,$17,$14,,
ORDER-371552,travel,"Travel Smart Carry-On Scale",329.99,90,detail,$30,$23,$18,,
ORDER-371553,travel,"Travel Luxury Packing Cube Set",249.99,68.07,category-median,$23,$17,$14,,
ORDER-371554,travel,"Travel Universal Travel Adapter",249.99,68,detail,$23,$17,$14,,
ORDER-371555,travel,"Travel Hardshell Luggage Set",249.99,68.07,category-median,$23,$17,$14,,
ORDER-371556,travel,"Travel Anti-Theft Backpack",249.99,68.07,category-median,$23,$17,$14,,
ORDER-371557,travel,"Travel Travel Toiletry Organizer",249.99,68.07,category-median,$23,$17,$14,,
ORDER-371558,travel,"Travel Memory Foam Neck Pillow",249.99,68.07,category-median,$23,$17,$14,,
ORDER-371559,travel,"Travel Passport Wallet Set",404.99,110,detail,$37,$28,$22,,
ORDER-371560,travel,"Travel Foldable Weekender Bag",249.99,68.07,category-median,$23,$17,$14,,
ORDER-371561,gaming,"Retail Console Accessory Kit",299,81,search,$27,$20,$16,,
ORDER-371562,gaming,"Retail RGB Gaming Headset",179,48.74,category-median,$16,$12,$10,,
ORDER-371563,gaming,"Retail Mechanical Keyboard Set",720,196,search,$65,$49,$39,,
ORDER-371564,gaming,"Retail Wireless Gaming Mouse",144.49,39,search,$13,$10,$8,,
ORDER-371565,gaming,"Retail Mobile Game Controller",95,26,search,$9,$7,$5,,
ORDER-371566,gaming,"Retail LED Gaming Desk Mat",119,32,search,$11,$8,$6,,
ORDER-371567,gaming,"Retail Streaming Capture Card",137.45,37,search,$12,$9,$7,,
ORDER-371568,gaming,"Retail Gaming Chair Footrest",103,28,search,$9,$7,$6,,
ORDER-371569,gaming,"Retail Portable Mini Projector",225,61,search,$20,$15,$12,,
ORDER-371570,gaming,"Retail VR Headset Carry Case",299,81,search,$27,$20,$16,,
ORDER-371571,gaming,"Pro Console Accessory Kit",179,48.74,category-median,$16,$12,$10,,
ORDER-371572,gaming,"Pro RGB Gaming Headset",393.48,107,search,$36,$27,$21,,
ORDER-371573,gaming,"Pro Mechanical Keyboard Set",99.99,27,search,$9,$7,$5,,
ORDER-371574,gaming,"Pro Wireless Gaming Mouse",179,48.74,category-median,$16,$12,$10,,
ORDER-371575,gaming,"Pro Mobile Game Controller",299,81,search,$27,$20,$16,,
ORDER-371576,gaming,"Pro LED Gaming Desk Mat",218,59,search,$20,$15,$12,,
ORDER-371577,gaming,"Pro Streaming Capture Card",155,42,search,$14,$11,$8,,
ORDER-371578,gaming,"Pro Gaming Chair Footrest",189,51,search,$17,$13,$10,,
ORDER-371579,gaming,"Pro Portable Mini Projector",59.98,16,search,$5,$4,$3,,
ORDER-371580,gaming,"Pro VR Headset Carry Case",137.98,38,search,$13,$10,$8,,
ORDER-371581,gaming,"Compact Console Accessory Kit",60,16,search,$5,$4,$3,,
ORDER-371582,gaming,"Compact RGB Gaming Headset",34,9,search,$3,$2,$2,,
ORDER-371583,gaming,"Compact Mechanical Keyboard Set",178,48,search,$16,$12,$10,,
ORDER-371584,gaming,"Compact Wireless Gaming Mouse",186,51,search,$17,$13,$10,,
ORDER-371585,gaming,"Compact Mobile Game Controller",224,61,search,$20,$15,$12,,
ORDER-371586,gaming,"Compact LED Gaming Desk Mat",160,44,search,$15,$11,$9,,
ORDER-371587,gaming,"Compact Streaming Capture Card",34,9,search,$3,$2,$2,,
ORDER-371588,gaming,"Compact Gaming Chair Footrest",39.99,11,search,$4,$3,$2,,
ORDER-371589,gaming,"Compact Portable Mini Projector",134.59,37,search,$12,$9,$7,,
ORDER-371590,gaming,"Compact VR Headset Carry Case",898.98,245,search,$82,$61,$49,,
ORDER-371591,gaming,"Premium Console Accessory Kit",139.3,38,search,$13,$10,$8,,
ORDER-371592,gaming,"Premium RGB Gaming Headset",269,73,search,$24,$18,$15,,
ORDER-371593,gaming,"Premium Mechanical Keyboard Set",261,71,detail,$24,$18,$14,,
ORDER-371594,gaming,"Premium Wireless Gaming Mouse",109,30,search,$10,$8,$6,,
ORDER-371595,gaming,"Premium Mobile Game Controller",149,41,search,$14,$10,$8,,
ORDER-371596,gaming,"Premium LED Gaming Desk Mat",218,59,search,$20,$15,$12,,
ORDER-371597,gaming,"Premium Streaming Capture Card",399,109,search,$36,$27,$22,,
ORDER-371598,gaming,"Premium Gaming Chair Footrest",27.88,8,search,$3,$2,$2,,
ORDER-371599,gaming,"Premium Portable Mini Projector",38,10,search,$3,$3,$2,,
ORDER-371600,gaming,"Premium VR Headset Carry Case",130,35,search,$12,$9,$7,,
ORDER-371601,gaming,"Travel Console Accessory Kit",495.96,135,search,$45,$34,$27,,
ORDER-371602,gaming,"Travel RGB Gaming Headset",649,177,search,$59,$44,$35,,
ORDER-371603,gaming,"Travel Mechanical Keyboard Set",179.99,49,search,$16,$12,$10,,
ORDER-371604,gaming,"Travel Wireless Gaming Mouse",228,62,search,$21,$16,$12,,
ORDER-371605,gaming,"Travel Mobile Game Controller",92.21,25,search,$8,$6,$5,,
ORDER-371606,gaming,"Travel LED Gaming Desk Mat",399,109,search,$36,$27,$22,,
ORDER-371607,gaming,"Travel Streaming Capture Card",710,193,search,$64,$48,$39,,
ORDER-371608,gaming,"Travel Gaming Chair Footrest",526.66,143,search,$48,$36,$29,,
ORDER-371609,gaming,"Travel Portable Mini Projector",500,136,search,$45,$34,$27,,
ORDER-371610,gaming,"Travel VR Headset Carry Case",179,48.74,category-median,$16,$12,$10,,
