id,category,title_en,title_ar,noon_english_url,noon_arabic_url,source_platform,status,notes
"ORDER-371011","mobile","Retail MagSafe Power Bank Set","تجزئة - إكسسوارات الجوال","","","noon","pending",""
"ORDER-371012","mobile","Retail 65W GaN Fast Charger Kit","تجزئة - إكسسوارات الجوال","","","noon","pending",""
"ORDER-371013","mobile","Retail Wireless Earbuds Retail Pack","تجزئة - إكسسوارات الجوال","","","noon","pending",""
"ORDER-371014","mobile","Retail Privacy Screen Protector Bundle","تجزئة - إكسسوارات الجوال","","","noon","pending",""
"ORDER-371015","mobile","Retail Magnetic Car Phone Mount","تجزئة - إكسسوارات الجوال","","","noon","pending",""
"ORDER-371016","mobile","Retail USB-C Hub Adapter","تجزئة - إكسسوارات الجوال","","","noon","pending",""
"ORDER-371017","mobile","Retail Smart Watch Strap Set","تجزئة - إكسسوارات الجوال","","","noon","pending",""
"ORDER-371018","mobile","Retail Rugged Phone Case Bundle","تجزئة - إكسسوارات الجوال","","","noon","pending",""
"ORDER-371019","mobile","Retail 3-in-1 Wireless Charging Stand","تجزئة - إكسسوارات الجوال","","","noon","pending",""
"ORDER-371020","mobile","Retail Bluetooth Tracking Tag Pack","تجزئة - إكسسوارات الجوال","","","noon","pending",""
"ORDER-371021","mobile","Pro MagSafe Power Bank Set","احترافي - إكسسوارات الجوال","","","noon","pending",""
"ORDER-371022","mobile","Pro 65W GaN Fast Charger Kit","احترافي - إكسسوارات الجوال","","","noon","pending",""
"ORDER-371023","mobile","Pro Wireless Earbuds Retail Pack","احترافي - إكسسوارات الجوال","","","noon","pending",""
"ORDER-371024","mobile","Pro Privacy Screen Protector Bundle","احترافي - إكسسوارات الجوال","","","noon","pending",""
"ORDER-371025","mobile","Pro Magnetic Car Phone Mount","احترافي - إكسسوارات الجوال","","","noon","pending",""
"ORDER-371026","mobile","Pro USB-C Hub Adapter","احترافي - إكسسوارات الجوال","","","noon","pending",""
"ORDER-371027","mobile","Pro Smart Watch Strap Set","احترافي - إكسسوارات الجوال","","","noon","pending",""
"ORDER-371028","mobile","Pro Rugged Phone Case Bundle","احترافي - إكسسوارات الجوال","","","noon","pending",""
"ORDER-371029","mobile","Pro 3-in-1 Wireless Charging Stand","احترافي - إكسسوارات الجوال","","","noon","pending",""
"ORDER-371030","mobile","Pro Bluetooth Tracking Tag Pack","احترافي - إكسسوارات الجوال","","","noon","pending",""
"ORDER-371031","mobile","Compact MagSafe Power Bank Set","مدمج - إكسسوارات الجوال","","","noon","pending",""
"ORDER-371032","mobile","Compact 65W GaN Fast Charger Kit","مدمج - إكسسوارات الجوال","","","noon","pending",""
"ORDER-371033","mobile","Compact Wireless Earbuds Retail Pack","مدمج - إكسسوارات الجوال","","","noon","pending",""
"ORDER-371034","mobile","Compact Privacy Screen Protector Bundle","مدمج - إكسسوارات الجوال","","","noon","pending",""
"ORDER-371035","mobile","Compact Magnetic Car Phone Mount","مدمج - إكسسوارات الجوال","","","noon","pending",""
"ORDER-371036","mobile","Compact USB-C Hub Adapter","مدمج - إكسسوارات الجوال","","","noon","pending",""
"ORDER-371037","mobile","Compact Smart Watch Strap Set","مدمج - إكسسوارات الجوال","","","noon","pending",""
"ORDER-371038","mobile","Compact Rugged Phone Case Bundle","مدمج - إكسسوارات الجوال","","","noon","pending",""
"ORDER-371039","mobile","Compact 3-in-1 Wireless Charging Stand","مدمج - إكسسوارات الجوال","","","noon","pending",""
"ORDER-371040","mobile","Compact Bluetooth Tracking Tag Pack","مدمج - إكسسوارات الجوال","","","noon","pending",""
"ORDER-371041","mobile","Premium MagSafe Power Bank Set","فاخر - إكسسوارات الجوال","","","noon","pending",""
"ORDER-371042","mobile","Premium 65W GaN Fast Charger Kit","فاخر - إكسسوارات الجوال","","","noon","pending",""
"ORDER-371043","mobile","Premium Wireless Earbuds Retail Pack","فاخر - إكسسوارات الجوال","","","noon","pending",""
"ORDER-371044","mobile","Premium Privacy Screen Protector Bundle","فاخر - إكسسوارات الجوال","","","noon","pending",""
"ORDER-371045","mobile","Premium Magnetic Car Phone Mount","فاخر - إكسسوارات الجوال","","","noon","pending",""
"ORDER-371046","mobile","Premium USB-C Hub Adapter","فاخر - إكسسوارات الجوال","","","noon","pending",""
"ORDER-371047","mobile","Premium Smart Watch Strap Set","فاخر - إكسسوارات الجوال","","","noon","pending",""
"ORDER-371048","mobile","Premium Rugged Phone Case Bundle","فاخر - إكسسوارات الجوال","","","noon","pending",""
"ORDER-371049","mobile","Premium 3-in-1 Wireless Charging Stand","فاخر - إكسسوارات الجوال","","","noon","pending",""
"ORDER-371050","mobile","Premium Bluetooth Tracking Tag Pack","فاخر - إكسسوارات الجوال","","","noon","pending",""
"ORDER-371051","mobile","Travel MagSafe Power Bank Set","سفر - إكسسوارات الجوال","","","noon","pending",""
"ORDER-371052","mobile","Travel 65W GaN Fast Charger Kit","سفر - إكسسوارات الجوال","","","noon","pending",""
"ORDER-371053","mobile","Travel Wireless Earbuds Retail Pack","سفر - إكسسوارات الجوال","","","noon","pending",""
"ORDER-371054","mobile","Travel Privacy Screen Protector Bundle","سفر - إكسسوارات الجوال","","","noon","pending",""
"ORDER-371055","mobile","Travel Magnetic Car Phone Mount","سفر - إكسسوارات الجوال","","","noon","pending",""
"ORDER-371056","mobile","Travel USB-C Hub Adapter","سفر - إكسسوارات الجوال","","","noon","pending",""
"ORDER-371057","mobile","Travel Smart Watch Strap Set","سفر - إكسسوارات الجوال","","","noon","pending",""
"ORDER-371058","mobile","Travel Rugged Phone Case Bundle","سفر - إكسسوارات الجوال","","","noon","pending",""
"ORDER-371059","mobile","Travel 3-in-1 Wireless Charging Stand","سفر - إكسسوارات الجوال","","","noon","pending",""
"ORDER-371060","mobile","Travel Bluetooth Tracking Tag Pack","سفر - إكسسوارات الجوال","","","noon","pending",""
"ORDER-371061","fashion","Retail Premium Modest Wear Set","تجزئة - أزياء وملابس محتشمة","","","noon","pending",""
"ORDER-371062","fashion","Retail Breathable Abaya Collection","تجزئة - أزياء وملابس محتشمة","","","noon","pending",""
"ORDER-371063","fashion","Retail Men's Business Thobe Pack","تجزئة - أزياء وملابس محتشمة","","","noon","pending",""
"ORDER-371064","fashion","Retail Luxury Hijab Bundle","تجزئة - أزياء وملابس محتشمة","","","noon","pending",""
"ORDER-371065","fashion","Retail Kaftan Lounge Set","تجزئة - أزياء وملابس محتشمة","","","noon","pending",""
"ORDER-371066","fashion","Retail Modest Activewear Set","تجزئة - أزياء وملابس محتشمة","","","noon","pending",""
"ORDER-371067","fashion","Retail Family Eid Outfit Pack","تجزئة - أزياء وملابس محتشمة","","","noon","pending",""
"ORDER-371068","fashion","Retail Men's Sandal Retail Set","تجزئة - أزياء وملابس محتشمة","","","noon","pending",""
"ORDER-371069","fashion","Retail Women's Tote & Scarf Set","تجزئة - أزياء وملابس محتشمة","","","noon","pending",""
"ORDER-371070","fashion","Retail Premium Prayer Wear Set","تجزئة - أزياء وملابس محتشمة","","","noon","pending",""
"ORDER-371071","fashion","Pro Premium Modest Wear Set","احترافي - أزياء وملابس محتشمة","","","noon","pending",""
"ORDER-371072","fashion","Pro Breathable Abaya Collection","احترافي - أزياء وملابس محتشمة","","","noon","pending",""
"ORDER-371073","fashion","Pro Men's Business Thobe Pack","احترافي - أزياء وملابس محتشمة","","","noon","pending",""
"ORDER-371074","fashion","Pro Luxury Hijab Bundle","احترافي - أزياء وملابس محتشمة","","","noon","pending",""
"ORDER-371075","fashion","Pro Kaftan Lounge Set","احترافي - أزياء وملابس محتشمة","","","noon","pending",""
"ORDER-371076","fashion","Pro Modest Activewear Set","احترافي - أزياء وملابس محتشمة","","","noon","pending",""
"ORDER-371077","fashion","Pro Family Eid Outfit Pack","احترافي - أزياء وملابس محتشمة","","","noon","pending",""
"ORDER-371078","fashion","Pro Men's Sandal Retail Set","احترافي - أزياء وملابس محتشمة","","","noon","pending",""
"ORDER-371079","fashion","Pro Women's Tote & Scarf Set","احترافي - أزياء وملابس محتشمة","","","noon","pending",""
"ORDER-371080","fashion","Pro Premium Prayer Wear Set","احترافي - أزياء وملابس محتشمة","","","noon","pending",""
"ORDER-371081","fashion","Compact Premium Modest Wear Set","مدمج - أزياء وملابس محتشمة","","","noon","pending",""
"ORDER-371082","fashion","Compact Breathable Abaya Collection","مدمج - أزياء وملابس محتشمة","","","noon","pending",""
"ORDER-371083","fashion","Compact Men's Business Thobe Pack","مدمج - أزياء وملابس محتشمة","","","noon","pending",""
"ORDER-371084","fashion","Compact Luxury Hijab Bundle","مدمج - أزياء وملابس محتشمة","","","noon","pending",""
"ORDER-371085","fashion","Compact Kaftan Lounge Set","مدمج - أزياء وملابس محتشمة","","","noon","pending",""
"ORDER-371086","fashion","Compact Modest Activewear Set","مدمج - أزياء وملابس محتشمة","","","noon","pending",""
"ORDER-371087","fashion","Compact Family Eid Outfit Pack","مدمج - أزياء وملابس محتشمة","","","noon","pending",""
"ORDER-371088","fashion","Compact Men's Sandal Retail Set","مدمج - أزياء وملابس محتشمة","","","noon","pending",""
"ORDER-371089","fashion","Compact Women's Tote & Scarf Set","مدمج - أزياء وملابس محتشمة","","","noon","pending",""
"ORDER-371090","fashion","Compact Premium Prayer Wear Set","مدمج - أزياء وملابس محتشمة","","","noon","pending",""
"ORDER-371091","fashion","Premium Premium Modest Wear Set","فاخر - أزياء وملابس محتشمة","","","noon","pending",""
"ORDER-371092","fashion","Premium Breathable Abaya Collection","فاخر - أزياء وملابس محتشمة","","","noon","pending",""
"ORDER-371093","fashion","Premium Men's Business Thobe Pack","فاخر - أزياء وملابس محتشمة","","","noon","pending",""
"ORDER-371094","fashion","Premium Luxury Hijab Bundle","فاخر - أزياء وملابس محتشمة","","","noon","pending",""
"ORDER-371095","fashion","Premium Kaftan Lounge Set","فاخر - أزياء وملابس محتشمة","","","noon","pending",""
"ORDER-371096","fashion","Premium Modest Activewear Set","فاخر - أزياء وملابس محتشمة","","","noon","pending",""
"ORDER-371097","fashion","Premium Family Eid Outfit Pack","فاخر - أزياء وملابس محتشمة","","","noon","pending",""
"ORDER-371098","fashion","Premium Men's Sandal Retail Set","فاخر - أزياء وملابس محتشمة","","","noon","pending",""
"ORDER-371099","fashion","Premium Women's Tote & Scarf Set","فاخر - أزياء وملابس محتشمة","","","noon","pending",""
"ORDER-371100","fashion","Premium Premium Prayer Wear Set","فاخر - أزياء وملابس محتشمة","","","noon","pending",""
"ORDER-371101","fashion","Travel Premium Modest Wear Set","سفر - أزياء وملابس محتشمة","","","noon","pending",""
"ORDER-371102","fashion","Travel Breathable Abaya Collection","سفر - أزياء وملابس محتشمة","","","noon","pending",""
"ORDER-371103","fashion","Travel Men's Business Thobe Pack","سفر - أزياء وملابس محتشمة","","","noon","pending",""
"ORDER-371104","fashion","Travel Luxury Hijab Bundle","سفر - أزياء وملابس محتشمة","","","noon","pending",""
"ORDER-371105","fashion","Travel Kaftan Lounge Set","سفر - أزياء وملابس محتشمة","","","noon","pending",""
"ORDER-371106","fashion","Travel Modest Activewear Set","سفر - أزياء وملابس محتشمة","","","noon","pending",""
"ORDER-371107","fashion","Travel Family Eid Outfit Pack","سفر - أزياء وملابس محتشمة","","","noon","pending",""
"ORDER-371108","fashion","Travel Men's Sandal Retail Set","سفر - أزياء وملابس محتشمة","","","noon","pending",""
"ORDER-371109","fashion","Travel Women's Tote & Scarf Set","سفر - أزياء وملابس محتشمة","","","noon","pending",""
"ORDER-371110","fashion","Travel Premium Prayer Wear Set","سفر - أزياء وملابس محتشمة","","","noon","pending",""
"ORDER-371111","jewelry","Retail Smart Luxury Watch","تجزئة - مجوهرات وساعات","","","noon","pending",""
"ORDER-371112","jewelry","Retail Minimal Gold Jewelry Set","تجزئة - مجوهرات وساعات","","","noon","pending",""
"ORDER-371113","jewelry","Retail Luxury Watch Display Box","تجزئة - مجوهرات وساعات","","","noon","pending",""
"ORDER-371114","jewelry","Retail Men's Steel Bracelet Set","تجزئة - مجوهرات وساعات","","","noon","pending",""
"ORDER-371115","jewelry","Retail Pearl Necklace Gift Box","تجزئة - مجوهرات وساعات","","","noon","pending",""
"ORDER-371116","jewelry","Retail Arabic Initial Pendant Set","تجزئة - مجوهرات وساعات","","","noon","pending",""
"ORDER-371117","jewelry","Retail Women's Fashion Watch Pack","تجزئة - مجوهرات وساعات","","","noon","pending",""
"ORDER-371118","jewelry","Retail Travel Jewelry Organizer","تجزئة - مجوهرات وساعات","","","noon","pending",""
"ORDER-371119","jewelry","Retail Luxury Cufflink Set","تجزئة - مجوهرات وساعات","","","noon","pending",""
"ORDER-371120","jewelry","Retail Crystal Bracelet Gift Set","تجزئة - مجوهرات وساعات","","","noon","pending",""
"ORDER-371121","jewelry","Pro Smart Luxury Watch","احترافي - مجوهرات وساعات","","","noon","pending",""
"ORDER-371122","jewelry","Pro Minimal Gold Jewelry Set","احترافي - مجوهرات وساعات","","","noon","pending",""
"ORDER-371123","jewelry","Pro Luxury Watch Display Box","احترافي - مجوهرات وساعات","","","noon","pending",""
"ORDER-371124","jewelry","Pro Men's Steel Bracelet Set","احترافي - مجوهرات وساعات","","","noon","pending",""
"ORDER-371125","jewelry","Pro Pearl Necklace Gift Box","احترافي - مجوهرات وساعات","","","noon","pending",""
"ORDER-371126","jewelry","Pro Arabic Initial Pendant Set","احترافي - مجوهرات وساعات","","","noon","pending",""
"ORDER-371127","jewelry","Pro Women's Fashion Watch Pack","احترافي - مجوهرات وساعات","","","noon","pending",""
"ORDER-371128","jewelry","Pro Travel Jewelry Organizer","احترافي - مجوهرات وساعات","","","noon","pending",""
"ORDER-371129","jewelry","Pro Luxury Cufflink Set","احترافي - مجوهرات وساعات","","","noon","pending",""
"ORDER-371130","jewelry","Pro Crystal Bracelet Gift Set","احترافي - مجوهرات وساعات","","","noon","pending",""
"ORDER-371131","jewelry","Compact Smart Luxury Watch","مدمج - مجوهرات وساعات","","","noon","pending",""
"ORDER-371132","jewelry","Compact Minimal Gold Jewelry Set","مدمج - مجوهرات وساعات","","","noon","pending",""
"ORDER-371133","jewelry","Compact Luxury Watch Display Box","مدمج - مجوهرات وساعات","","","noon","pending",""
"ORDER-371134","jewelry","Compact Men's Steel Bracelet Set","مدمج - مجوهرات وساعات","","","noon","pending",""
"ORDER-371135","jewelry","Compact Pearl Necklace Gift Box","مدمج - مجوهرات وساعات","","","noon","pending",""
"ORDER-371136","jewelry","Compact Arabic Initial Pendant Set","مدمج - مجوهرات وساعات","","","noon","pending",""
"ORDER-371137","jewelry","Compact Women's Fashion Watch Pack","مدمج - مجوهرات وساعات","","","noon","pending",""
"ORDER-371138","jewelry","Compact Travel Jewelry Organizer","مدمج - مجوهرات وساعات","","","noon","pending",""
"ORDER-371139","jewelry","Compact Luxury Cufflink Set","مدمج - مجوهرات وساعات","","","noon","pending",""
"ORDER-371140","jewelry","Compact Crystal Bracelet Gift Set","مدمج - مجوهرات وساعات","","","noon","pending",""
"ORDER-371141","jewelry","Premium Smart Luxury Watch","فاخر - مجوهرات وساعات","","","noon","pending",""
"ORDER-371142","jewelry","Premium Minimal Gold Jewelry Set","فاخر - مجوهرات وساعات","","","noon","pending",""
"ORDER-371143","jewelry","Premium Luxury Watch Display Box","فاخر - مجوهرات وساعات","","","noon","pending",""
"ORDER-371144","jewelry","Premium Men's Steel Bracelet Set","فاخر - مجوهرات وساعات","","","noon","pending",""
"ORDER-371145","jewelry","Premium Pearl Necklace Gift Box","فاخر - مجوهرات وساعات","","","noon","pending",""
"ORDER-371146","jewelry","Premium Arabic Initial Pendant Set","فاخر - مجوهرات وساعات","","","noon","pending",""
"ORDER-371147","jewelry","Premium Women's Fashion Watch Pack","فاخر - مجوهرات وساعات","","","noon","pending",""
"ORDER-371148","jewelry","Premium Travel Jewelry Organizer","فاخر - مجوهرات وساعات","","","noon","pending",""
"ORDER-371149","jewelry","Premium Luxury Cufflink Set","فاخر - مجوهرات وساعات","","","noon","pending",""
"ORDER-371150","jewelry","Premium Crystal Bracelet Gift Set","فاخر - مجوهرات وساعات","","","noon","pending",""
"ORDER-371151","jewelry","Travel Smart Luxury Watch","سفر - مجوهرات وساعات","","","noon","pending",""
"ORDER-371152","jewelry","Travel Minimal Gold Jewelry Set","سفر - مجوهرات وساعات","","","noon","pending",""
"ORDER-371153","jewelry","Travel Luxury Watch Display Box","سفر - مجوهرات وساعات","","","noon","pending",""
"ORDER-371154","jewelry","Travel Men's Steel Bracelet Set","سفر - مجوهرات وساعات","","","noon","pending",""
"ORDER-371155","jewelry","Travel Pearl Necklace Gift Box","سفر - مجوهرات وساعات","","","noon","pending",""
"ORDER-371156","jewelry","Travel Arabic Initial Pendant Set","سفر - مجوهرات وساعات","","","noon","pending",""
"ORDER-371157","jewelry","Travel Women's Fashion Watch Pack","سفر - مجوهرات وساعات","","","noon","pending",""
"ORDER-371158","jewelry","Travel Travel Jewelry Organizer","سفر - مجوهرات وساعات","","","noon","pending",""
"ORDER-371159","jewelry","Travel Luxury Cufflink Set","سفر - مجوهرات وساعات","","","noon","pending",""
"ORDER-371160","jewelry","Travel Crystal Bracelet Gift Set","سفر - مجوهرات وساعات","","","noon","pending",""
"ORDER-371161","home","Retail Compact Air Fryer","تجزئة - المنزل والمطبخ","","","noon","pending",""
"ORDER-371162","home","Retail Arabic Coffee Gift Kit","تجزئة - المنزل والمطبخ","","","noon","pending",""
"ORDER-371163","home","Retail Electric Kettle Set","تجزئة - المنزل والمطبخ","","","noon","pending",""
"ORDER-371164","home","Retail Capsule Coffee Machine","تجزئة - المنزل والمطبخ","","","noon","pending",""
"ORDER-371165","home","Retail Kitchen Storage Organizer","تجزئة - المنزل والمطبخ","","","noon","pending",""
"ORDER-371166","home","Retail Digital Kitchen Scale","تجزئة - المنزل والمطبخ","","","noon","pending",""
"ORDER-371167","home","Retail Countertop Blender","تجزئة - المنزل والمطبخ","","","noon","pending",""
"ORDER-371168","home","Retail Stainless Cookware Set","تجزئة - المنزل والمطبخ","","","noon","pending",""
"ORDER-371169","home","Retail Smart Home Diffuser","تجزئة - المنزل والمطبخ","","","noon","pending",""
"ORDER-371170","home","Retail Cordless Vacuum Cleaner","تجزئة - المنزل والمطبخ","","","noon","pending",""
"ORDER-371171","home","Pro Compact Air Fryer","احترافي - المنزل والمطبخ","","","noon","pending",""
"ORDER-371172","home","Pro Arabic Coffee Gift Kit","احترافي - المنزل والمطبخ","","","noon","pending",""
"ORDER-371173","home","Pro Electric Kettle Set","احترافي - المنزل والمطبخ","","","noon","pending",""
"ORDER-371174","home","Pro Capsule Coffee Machine","احترافي - المنزل والمطبخ","","","noon","pending",""
"ORDER-371175","home","Pro Kitchen Storage Organizer","احترافي - المنزل والمطبخ","","","noon","pending",""
"ORDER-371176","home","Pro Digital Kitchen Scale","احترافي - المنزل والمطبخ","","","noon","pending",""
"ORDER-371177","home","Pro Countertop Blender","احترافي - المنزل والمطبخ","","","noon","pending",""
"ORDER-371178","home","Pro Stainless Cookware Set","احترافي - المنزل والمطبخ","","","noon","pending",""
"ORDER-371179","home","Pro Smart Home Diffuser","احترافي - المنزل والمطبخ","","","noon","pending",""
"ORDER-371180","home","Pro Cordless Vacuum Cleaner","احترافي - المنزل والمطبخ","","","noon","pending",""
"ORDER-371181","home","Compact Compact Air Fryer","مدمج - المنزل والمطبخ","","","noon","pending",""
"ORDER-371182","home","Compact Arabic Coffee Gift Kit","مدمج - المنزل والمطبخ","","","noon","pending",""
"ORDER-371183","home","Compact Electric Kettle Set","مدمج - المنزل والمطبخ","","","noon","pending",""
"ORDER-371184","home","Compact Capsule Coffee Machine","مدمج - المنزل والمطبخ","","","noon","pending",""
"ORDER-371185","home","Compact Kitchen Storage Organizer","مدمج - المنزل والمطبخ","","","noon","pending",""
"ORDER-371186","home","Compact Digital Kitchen Scale","مدمج - المنزل والمطبخ","","","noon","pending",""
"ORDER-371187","home","Compact Countertop Blender","مدمج - المنزل والمطبخ","","","noon","pending",""
"ORDER-371188","home","Compact Stainless Cookware Set","مدمج - المنزل والمطبخ","","","noon","pending",""
"ORDER-371189","home","Compact Smart Home Diffuser","مدمج - المنزل والمطبخ","","","noon","pending",""
"ORDER-371190","home","Compact Cordless Vacuum Cleaner","مدمج - المنزل والمطبخ","","","noon","pending",""
"ORDER-371191","home","Premium Compact Air Fryer","فاخر - المنزل والمطبخ","","","noon","pending",""
"ORDER-371192","home","Premium Arabic Coffee Gift Kit","فاخر - المنزل والمطبخ","","","noon","pending",""
"ORDER-371193","home","Premium Electric Kettle Set","فاخر - المنزل والمطبخ","","","noon","pending",""
"ORDER-371194","home","Premium Capsule Coffee Machine","فاخر - المنزل والمطبخ","","","noon","pending",""
"ORDER-371195","home","Premium Kitchen Storage Organizer","فاخر - المنزل والمطبخ","","","noon","pending",""
"ORDER-371196","home","Premium Digital Kitchen Scale","فاخر - المنزل والمطبخ","","","noon","pending",""
"ORDER-371197","home","Premium Countertop Blender","فاخر - المنزل والمطبخ","","","noon","pending",""
"ORDER-371198","home","Premium Stainless Cookware Set","فاخر - المنزل والمطبخ","","","noon","pending",""
"ORDER-371199","home","Premium Smart Home Diffuser","فاخر - المنزل والمطبخ","","","noon","pending",""
"ORDER-371200","home","Premium Cordless Vacuum Cleaner","فاخر - المنزل والمطبخ","","","noon","pending",""
"ORDER-371201","home","Travel Compact Air Fryer","سفر - المنزل والمطبخ","","","noon","pending",""
"ORDER-371202","home","Travel Arabic Coffee Gift Kit","سفر - المنزل والمطبخ","","","noon","pending",""
"ORDER-371203","home","Travel Electric Kettle Set","سفر - المنزل والمطبخ","","","noon","pending",""
"ORDER-371204","home","Travel Capsule Coffee Machine","سفر - المنزل والمطبخ","","","noon","pending",""
"ORDER-371205","home","Travel Kitchen Storage Organizer","سفر - المنزل والمطبخ","","","noon","pending",""
"ORDER-371206","home","Travel Digital Kitchen Scale","سفر - المنزل والمطبخ","","","noon","pending",""
"ORDER-371207","home","Travel Countertop Blender","سفر - المنزل والمطبخ","","","noon","pending",""
"ORDER-371208","home","Travel Stainless Cookware Set","سفر - المنزل والمطبخ","","","noon","pending",""
"ORDER-371209","home","Travel Smart Home Diffuser","سفر - المنزل والمطبخ","","","noon","pending",""
"ORDER-371210","home","Travel Cordless Vacuum Cleaner","سفر - المنزل والمطبخ","","","noon","pending",""
"ORDER-371211","furniture","Retail LED Decor Light Panel","تجزئة - أثاث وديكور","","","noon","pending",""
"ORDER-371212","furniture","Retail Foldable Study Desk","تجزئة - أثاث وديكور","","","noon","pending",""
"ORDER-371213","furniture","Retail Luxury Storage Organizer","تجزئة - أثاث وديكور","","","noon","pending",""
"ORDER-371214","furniture","Retail 3D LED Wall Clock","تجزئة - أثاث وديكور","","","noon","pending",""
"ORDER-371215","furniture","Retail Velvet Hanger Storage Pack","تجزئة - أثاث وديكور","","","noon","pending",""
"ORDER-371216","furniture","Retail Gaming Chair Cushion Set","تجزئة - أثاث وديكور","","","noon","pending",""
"ORDER-371217","furniture","Retail Minimal Coffee Table","تجزئة - أثاث وديكور","","","noon","pending",""
"ORDER-371218","furniture","Retail Decorative Floor Lamp","تجزئة - أثاث وديكور","","","noon","pending",""
"ORDER-371219","furniture","Retail Under-Sink Organizer Rack","تجزئة - أثاث وديكور","","","noon","pending",""
"ORDER-371220","furniture","Retail Luxury Cushion Cover Set","تجزئة - أثاث وديكور","","","noon","pending",""
"ORDER-371221","furniture","Pro LED Decor Light Panel","احترافي - أثاث وديكور","","","noon","pending",""
"ORDER-371222","furniture","Pro Foldable Study Desk","احترافي - أثاث وديكور","","","noon","pending",""
"ORDER-371223","furniture","Pro Luxury Storage Organizer","احترافي - أثاث وديكور","","","noon","pending",""
"ORDER-371224","furniture","Pro 3D LED Wall Clock","احترافي - أثاث وديكور","","","noon","pending",""
"ORDER-371225","furniture","Pro Velvet Hanger Storage Pack","احترافي - أثاث وديكور","","","noon","pending",""
"ORDER-371226","furniture","Pro Gaming Chair Cushion Set","احترافي - أثاث وديكور","","","noon","pending",""
"ORDER-371227","furniture","Pro Minimal Coffee Table","احترافي - أثاث وديكور","","","noon","pending",""
"ORDER-371228","furniture","Pro Decorative Floor Lamp","احترافي - أثاث وديكور","","","noon","pending",""
"ORDER-371229","furniture","Pro Under-Sink Organizer Rack","احترافي - أثاث وديكور","","","noon","pending",""
"ORDER-371230","furniture","Pro Luxury Cushion Cover Set","احترافي - أثاث وديكور","","","noon","pending",""
"ORDER-371231","furniture","Compact LED Decor Light Panel","مدمج - أثاث وديكور","","","noon","pending",""
"ORDER-371232","furniture","Compact Foldable Study Desk","مدمج - أثاث وديكور","","","noon","pending",""
"ORDER-371233","furniture","Compact Luxury Storage Organizer","مدمج - أثاث وديكور","","","noon","pending",""
"ORDER-371234","furniture","Compact 3D LED Wall Clock","مدمج - أثاث وديكور","","","noon","pending",""
"ORDER-371235","furniture","Compact Velvet Hanger Storage Pack","مدمج - أثاث وديكور","","","noon","pending",""
"ORDER-371236","furniture","Compact Gaming Chair Cushion Set","مدمج - أثاث وديكور","","","noon","pending",""
"ORDER-371237","furniture","Compact Minimal Coffee Table","مدمج - أثاث وديكور","","","noon","pending",""
"ORDER-371238","furniture","Compact Decorative Floor Lamp","مدمج - أثاث وديكور","","","noon","pending",""
"ORDER-371239","furniture","Compact Under-Sink Organizer Rack","مدمج - أثاث وديكور","","","noon","pending",""
"ORDER-371240","furniture","Compact Luxury Cushion Cover Set","مدمج - أثاث وديكور","","","noon","pending",""
"ORDER-371241","furniture","Premium LED Decor Light Panel","فاخر - أثاث وديكور","","","noon","pending",""
"ORDER-371242","furniture","Premium Foldable Study Desk","فاخر - أثاث وديكور","","","noon","pending",""
"ORDER-371243","furniture","Premium Luxury Storage Organizer","فاخر - أثاث وديكور","","","noon","pending",""
"ORDER-371244","furniture","Premium 3D LED Wall Clock","فاخر - أثاث وديكور","","","noon","pending",""
"ORDER-371245","furniture","Premium Velvet Hanger Storage Pack","فاخر - أثاث وديكور","","","noon","pending",""
"ORDER-371246","furniture","Premium Gaming Chair Cushion Set","فاخر - أثاث وديكور","","","noon","pending",""
"ORDER-371247","furniture","Premium Minimal Coffee Table","فاخر - أثاث وديكور","","","noon","pending",""
"ORDER-371248","furniture","Premium Decorative Floor Lamp","فاخر - أثاث وديكور","","","noon","pending",""
"ORDER-371249","furniture","Premium Under-Sink Organizer Rack","فاخر - أثاث وديكور","","","noon","pending",""
"ORDER-371250","furniture","Premium Luxury Cushion Cover Set","فاخر - أثاث وديكور","","","noon","pending",""
"ORDER-371251","furniture","Travel LED Decor Light Panel","سفر - أثاث وديكور","","","noon","pending",""
"ORDER-371252","furniture","Travel Foldable Study Desk","سفر - أثاث وديكور","","","noon","pending",""
"ORDER-371253","furniture","Travel Luxury Storage Organizer","سفر - أثاث وديكور","","","noon","pending",""
"ORDER-371254","furniture","Travel 3D LED Wall Clock","سفر - أثاث وديكور","","","noon","pending",""
"ORDER-371255","furniture","Travel Velvet Hanger Storage Pack","سفر - أثاث وديكور","","","noon","pending",""
"ORDER-371256","furniture","Travel Gaming Chair Cushion Set","سفر - أثاث وديكور","","","noon","pending",""
"ORDER-371257","furniture","Travel Minimal Coffee Table","سفر - أثاث وديكور","","","noon","pending",""
"ORDER-371258","furniture","Travel Decorative Floor Lamp","سفر - أثاث وديكور","","","noon","pending",""
"ORDER-371259","furniture","Travel Under-Sink Organizer Rack","سفر - أثاث وديكور","","","noon","pending",""
"ORDER-371260","furniture","Travel Luxury Cushion Cover Set","سفر - أثاث وديكور","","","noon","pending",""
"ORDER-371261","auto","Retail Car Smart Display Kit","تجزئة - إكسسوارات السيارات","","","noon","pending",""
"ORDER-371262","auto","Retail Car Cooling Seat Pad","تجزئة - إكسسوارات السيارات","","","noon","pending",""
"ORDER-371263","auto","Retail Premium Car Vacuum Set","تجزئة - إكسسوارات السيارات","","","noon","pending",""
"ORDER-371264","auto","Retail 4K Dash Camera","تجزئة - إكسسوارات السيارات","","","noon","pending",""
"ORDER-371265","auto","Retail Magnetic Phone Car Charger","تجزئة - إكسسوارات السيارات","","","noon","pending",""
"ORDER-371266","auto","Retail Foldable Car Sunshade","تجزئة - إكسسوارات السيارات","","","noon","pending",""
"ORDER-371267","auto","Retail Portable Tire Inflator","تجزئة - إكسسوارات السيارات","","","noon","pending",""
"ORDER-371268","auto","Retail Car Trunk Organizer","تجزئة - إكسسوارات السيارات","","","noon","pending",""
"ORDER-371269","auto","Retail LED Ambient Light Kit","تجزئة - إكسسوارات السيارات","","","noon","pending",""
"ORDER-371270","auto","Retail Leather Steering Wheel Cover","تجزئة - إكسسوارات السيارات","","","noon","pending",""
"ORDER-371271","auto","Pro Car Smart Display Kit","احترافي - إكسسوارات السيارات","","","noon","pending",""
"ORDER-371272","auto","Pro Car Cooling Seat Pad","احترافي - إكسسوارات السيارات","","","noon","pending",""
"ORDER-371273","auto","Pro Premium Car Vacuum Set","احترافي - إكسسوارات السيارات","","","noon","pending",""
"ORDER-371274","auto","Pro 4K Dash Camera","احترافي - إكسسوارات السيارات","","","noon","pending",""
"ORDER-371275","auto","Pro Magnetic Phone Car Charger","احترافي - إكسسوارات السيارات","","","noon","pending",""
"ORDER-371276","auto","Pro Foldable Car Sunshade","احترافي - إكسسوارات السيارات","","","noon","pending",""
"ORDER-371277","auto","Pro Portable Tire Inflator","احترافي - إكسسوارات السيارات","","","noon","pending",""
"ORDER-371278","auto","Pro Car Trunk Organizer","احترافي - إكسسوارات السيارات","","","noon","pending",""
"ORDER-371279","auto","Pro LED Ambient Light Kit","احترافي - إكسسوارات السيارات","","","noon","pending",""
"ORDER-371280","auto","Pro Leather Steering Wheel Cover","احترافي - إكسسوارات السيارات","","","noon","pending",""
"ORDER-371281","auto","Compact Car Smart Display Kit","مدمج - إكسسوارات السيارات","","","noon","pending",""
"ORDER-371282","auto","Compact Car Cooling Seat Pad","مدمج - إكسسوارات السيارات","","","noon","pending",""
"ORDER-371283","auto","Compact Premium Car Vacuum Set","مدمج - إكسسوارات السيارات","","","noon","pending",""
"ORDER-371284","auto","Compact 4K Dash Camera","مدمج - إكسسوارات السيارات","","","noon","pending",""
"ORDER-371285","auto","Compact Magnetic Phone Car Charger","مدمج - إكسسوارات السيارات","","","noon","pending",""
"ORDER-371286","auto","Compact Foldable Car Sunshade","مدمج - إكسسوارات السيارات","","","noon","pending",""
"ORDER-371287","auto","Compact Portable Tire Inflator","مدمج - إكسسوارات السيارات","","","noon","pending",""
"ORDER-371288","auto","Compact Car Trunk Organizer","مدمج - إكسسوارات السيارات","","","noon","pending",""
"ORDER-371289","auto","Compact LED Ambient Light Kit","مدمج - إكسسوارات السيارات","","","noon","pending",""
"ORDER-371290","auto","Compact Leather Steering Wheel Cover","مدمج - إكسسوارات السيارات","","","noon","pending",""
"ORDER-371291","auto","Premium Car Smart Display Kit","فاخر - إكسسوارات السيارات","","","noon","pending",""
"ORDER-371292","auto","Premium Car Cooling Seat Pad","فاخر - إكسسوارات السيارات","","","noon","pending",""
"ORDER-371293","auto","Premium Premium Car Vacuum Set","فاخر - إكسسوارات السيارات","","","noon","pending",""
"ORDER-371294","auto","Premium 4K Dash Camera","فاخر - إكسسوارات السيارات","","","noon","pending",""
"ORDER-371295","auto","Premium Magnetic Phone Car Charger","فاخر - إكسسوارات السيارات","","","noon","pending",""
"ORDER-371296","auto","Premium Foldable Car Sunshade","فاخر - إكسسوارات السيارات","","","noon","pending",""
"ORDER-371297","auto","Premium Portable Tire Inflator","فاخر - إكسسوارات السيارات","","","noon","pending",""
"ORDER-371298","auto","Premium Car Trunk Organizer","فاخر - إكسسوارات السيارات","","","noon","pending",""
"ORDER-371299","auto","Premium LED Ambient Light Kit","فاخر - إكسسوارات السيارات","","","noon","pending",""
"ORDER-371300","auto","Premium Leather Steering Wheel Cover","فاخر - إكسسوارات السيارات","","","noon","pending",""
"ORDER-371301","auto","Travel Car Smart Display Kit","سفر - إكسسوارات السيارات","","","noon","pending",""
"ORDER-371302","auto","Travel Car Cooling Seat Pad","سفر - إكسسوارات السيارات","","","noon","pending",""
"ORDER-371303","auto","Travel Premium Car Vacuum Set","سفر - إكسسوارات السيارات","","","noon","pending",""
"ORDER-371304","auto","Travel 4K Dash Camera","سفر - إكسسوارات السيارات","","","noon","pending",""
"ORDER-371305","auto","Travel Magnetic Phone Car Charger","سفر - إكسسوارات السيارات","","","noon","pending",""
"ORDER-371306","auto","Travel Foldable Car Sunshade","سفر - إكسسوارات السيارات","","","noon","pending",""
"ORDER-371307","auto","Travel Portable Tire Inflator","سفر - إكسسوارات السيارات","","","noon","pending",""
"ORDER-371308","auto","Travel Car Trunk Organizer","سفر - إكسسوارات السيارات","","","noon","pending",""
"ORDER-371309","auto","Travel LED Ambient Light Kit","سفر - إكسسوارات السيارات","","","noon","pending",""
"ORDER-371310","auto","Travel Leather Steering Wheel Cover","سفر - إكسسوارات السيارات","","","noon","pending",""
"ORDER-371311","baby","Retail Smart Baby Care Monitor","تجزئة - الأم والطفل","","","noon","pending",""
"ORDER-371312","baby","Retail Baby Travel Organizer","تجزئة - الأم والطفل","","","noon","pending",""
"ORDER-371313","baby","Retail Bottle Warmer Travel Kit","تجزئة - الأم والطفل","","","noon","pending",""
"ORDER-371314","baby","Retail Diaper Backpack","تجزئة - الأم والطفل","","","noon","pending",""
"ORDER-371315","baby","Retail Baby Stroller Fan","تجزئة - الأم والطفل","","","noon","pending",""
"ORDER-371316","baby","Retail Baby Feeding Bottle Set","تجزئة - الأم والطفل","","","noon","pending",""
"ORDER-371317","baby","Retail Portable Changing Mat","تجزئة - الأم والطفل","","","noon","pending",""
"ORDER-371318","baby","Retail Baby Safety Gate","تجزئة - الأم والطفل","","","noon","pending",""
"ORDER-371319","baby","Retail Nursery Night Light","تجزئة - الأم والطفل","","","noon","pending",""
"ORDER-371320","baby","Retail Baby Grooming Kit","تجزئة - الأم والطفل","","","noon","pending",""
"ORDER-371321","baby","Pro Smart Baby Care Monitor","احترافي - الأم والطفل","","","noon","pending",""
"ORDER-371322","baby","Pro Baby Travel Organizer","احترافي - الأم والطفل","","","noon","pending",""
"ORDER-371323","baby","Pro Bottle Warmer Travel Kit","احترافي - الأم والطفل","","","noon","pending",""
"ORDER-371324","baby","Pro Diaper Backpack","احترافي - الأم والطفل","","","noon","pending",""
"ORDER-371325","baby","Pro Baby Stroller Fan","احترافي - الأم والطفل","","","noon","pending",""
"ORDER-371326","baby","Pro Baby Feeding Bottle Set","احترافي - الأم والطفل","","","noon","pending",""
"ORDER-371327","baby","Pro Portable Changing Mat","احترافي - الأم والطفل","","","noon","pending",""
"ORDER-371328","baby","Pro Baby Safety Gate","احترافي - الأم والطفل","","","noon","pending",""
"ORDER-371329","baby","Pro Nursery Night Light","احترافي - الأم والطفل","","","noon","pending",""
"ORDER-371330","baby","Pro Baby Grooming Kit","احترافي - الأم والطفل","","","noon","pending",""
"ORDER-371331","baby","Compact Smart Baby Care Monitor","مدمج - الأم والطفل","","","noon","pending",""
"ORDER-371332","baby","Compact Baby Travel Organizer","مدمج - الأم والطفل","","","noon","pending",""
"ORDER-371333","baby","Compact Bottle Warmer Travel Kit","مدمج - الأم والطفل","","","noon","pending",""
"ORDER-371334","baby","Compact Diaper Backpack","مدمج - الأم والطفل","","","noon","pending",""
"ORDER-371335","baby","Compact Baby Stroller Fan","مدمج - الأم والطفل","","","noon","pending",""
"ORDER-371336","baby","Compact Baby Feeding Bottle Set","مدمج - الأم والطفل","","","noon","pending",""
"ORDER-371337","baby","Compact Portable Changing Mat","مدمج - الأم والطفل","","","noon","pending",""
"ORDER-371338","baby","Compact Baby Safety Gate","مدمج - الأم والطفل","","","noon","pending",""
"ORDER-371339","baby","Compact Nursery Night Light","مدمج - الأم والطفل","","","noon","pending",""
"ORDER-371340","baby","Compact Baby Grooming Kit","مدمج - الأم والطفل","","","noon","pending",""
"ORDER-371341","baby","Premium Smart Baby Care Monitor","فاخر - الأم والطفل","","","noon","pending",""
"ORDER-371342","baby","Premium Baby Travel Organizer","فاخر - الأم والطفل","","","noon","pending",""
"ORDER-371343","baby","Premium Bottle Warmer Travel Kit","فاخر - الأم والطفل","","","noon","pending",""
"ORDER-371344","baby","Premium Diaper Backpack","فاخر - الأم والطفل","","","noon","pending",""
"ORDER-371345","baby","Premium Baby Stroller Fan","فاخر - الأم والطفل","","","noon","pending",""
"ORDER-371346","baby","Premium Baby Feeding Bottle Set","فاخر - الأم والطفل","","","noon","pending",""
"ORDER-371347","baby","Premium Portable Changing Mat","فاخر - الأم والطفل","","","noon","pending",""
"ORDER-371348","baby","Premium Baby Safety Gate","فاخر - الأم والطفل","","","noon","pending",""
"ORDER-371349","baby","Premium Nursery Night Light","فاخر - الأم والطفل","","","noon","pending",""
"ORDER-371350","baby","Premium Baby Grooming Kit","فاخر - الأم والطفل","","","noon","pending",""
"ORDER-371351","baby","Travel Smart Baby Care Monitor","سفر - الأم والطفل","","","noon","pending",""
"ORDER-371352","baby","Travel Baby Travel Organizer","سفر - الأم والطفل","","","noon","pending",""
"ORDER-371353","baby","Travel Bottle Warmer Travel Kit","سفر - الأم والطفل","","","noon","pending",""
"ORDER-371354","baby","Travel Diaper Backpack","سفر - الأم والطفل","","","noon","pending",""
"ORDER-371355","baby","Travel Baby Stroller Fan","سفر - الأم والطفل","","","noon","pending",""
"ORDER-371356","baby","Travel Baby Feeding Bottle Set","سفر - الأم والطفل","","","noon","pending",""
"ORDER-371357","baby","Travel Portable Changing Mat","سفر - الأم والطفل","","","noon","pending",""
"ORDER-371358","baby","Travel Baby Safety Gate","سفر - الأم والطفل","","","noon","pending",""
"ORDER-371359","baby","Travel Nursery Night Light","سفر - الأم والطفل","","","noon","pending",""
"ORDER-371360","baby","Travel Baby Grooming Kit","سفر - الأم والطفل","","","noon","pending",""
"ORDER-371361","health","Retail Portable Wellness Massager","تجزئة - الصحة والعافية","","","noon","pending",""
"ORDER-371362","health","Retail Posture Support Belt","تجزئة - الصحة والعافية","","","noon","pending",""
"ORDER-371363","health","Retail Smart Fitness Scale","تجزئة - الصحة والعافية","","","noon","pending",""
"ORDER-371364","health","Retail Massage Gun Set","تجزئة - الصحة والعافية","","","noon","pending",""
"ORDER-371365","health","Retail Neck Heating Massager","تجزئة - الصحة والعافية","","","noon","pending",""
"ORDER-371366","health","Retail Digital Blood Pressure Monitor","تجزئة - الصحة والعافية","","","noon","pending",""
"ORDER-371367","health","Retail Walking Pad Compact Treadmill","تجزئة - الصحة والعافية","","","noon","pending",""
"ORDER-371368","health","Retail Resistance Band Training Kit","تجزئة - الصحة والعافية","","","noon","pending",""
"ORDER-371369","health","Retail Air Quality Monitor","تجزئة - الصحة والعافية","","","noon","pending",""
"ORDER-371370","health","Retail Ergonomic Office Cushion","تجزئة - الصحة والعافية","","","noon","pending",""
"ORDER-371371","health","Pro Portable Wellness Massager","احترافي - الصحة والعافية","","","noon","pending",""
"ORDER-371372","health","Pro Posture Support Belt","احترافي - الصحة والعافية","","","noon","pending",""
"ORDER-371373","health","Pro Smart Fitness Scale","احترافي - الصحة والعافية","","","noon","pending",""
"ORDER-371374","health","Pro Massage Gun Set","احترافي - الصحة والعافية","","","noon","pending",""
"ORDER-371375","health","Pro Neck Heating Massager","احترافي - الصحة والعافية","","","noon","pending",""
"ORDER-371376","health","Pro Digital Blood Pressure Monitor","احترافي - الصحة والعافية","","","noon","pending",""
"ORDER-371377","health","Pro Walking Pad Compact Treadmill","احترافي - الصحة والعافية","","","noon","pending",""
"ORDER-371378","health","Pro Resistance Band Training Kit","احترافي - الصحة والعافية","","","noon","pending",""
"ORDER-371379","health","Pro Air Quality Monitor","احترافي - الصحة والعافية","","","noon","pending",""
"ORDER-371380","health","Pro Ergonomic Office Cushion","احترافي - الصحة والعافية","","","noon","pending",""
"ORDER-371381","health","Compact Portable Wellness Massager","مدمج - الصحة والعافية","","","noon","pending",""
"ORDER-371382","health","Compact Posture Support Belt","مدمج - الصحة والعافية","","","noon","pending",""
"ORDER-371383","health","Compact Smart Fitness Scale","مدمج - الصحة والعافية","","","noon","pending",""
"ORDER-371384","health","Compact Massage Gun Set","مدمج - الصحة والعافية","","","noon","pending",""
"ORDER-371385","health","Compact Neck Heating Massager","مدمج - الصحة والعافية","","","noon","pending",""
"ORDER-371386","health","Compact Digital Blood Pressure Monitor","مدمج - الصحة والعافية","","","noon","pending",""
"ORDER-371387","health","Compact Walking Pad Compact Treadmill","مدمج - الصحة والعافية","","","noon","pending",""
"ORDER-371388","health","Compact Resistance Band Training Kit","مدمج - الصحة والعافية","","","noon","pending",""
"ORDER-371389","health","Compact Air Quality Monitor","مدمج - الصحة والعافية","","","noon","pending",""
"ORDER-371390","health","Compact Ergonomic Office Cushion","مدمج - الصحة والعافية","","","noon","pending",""
"ORDER-371391","health","Premium Portable Wellness Massager","فاخر - الصحة والعافية","","","noon","pending",""
"ORDER-371392","health","Premium Posture Support Belt","فاخر - الصحة والعافية","","","noon","pending",""
"ORDER-371393","health","Premium Smart Fitness Scale","فاخر - الصحة والعافية","","","noon","pending",""
"ORDER-371394","health","Premium Massage Gun Set","فاخر - الصحة والعافية","","","noon","pending",""
"ORDER-371395","health","Premium Neck Heating Massager","فاخر - الصحة والعافية","","","noon","pending",""
"ORDER-371396","health","Premium Digital Blood Pressure Monitor","فاخر - الصحة والعافية","","","noon","pending",""
"ORDER-371397","health","Premium Walking Pad Compact Treadmill","فاخر - الصحة والعافية","","","noon","pending",""
"ORDER-371398","health","Premium Resistance Band Training Kit","فاخر - الصحة والعافية","","","noon","pending",""
"ORDER-371399","health","Premium Air Quality Monitor","فاخر - الصحة والعافية","","","noon","pending",""
"ORDER-371400","health","Premium Ergonomic Office Cushion","فاخر - الصحة والعافية","","","noon","pending",""
"ORDER-371401","health","Travel Portable Wellness Massager","سفر - الصحة والعافية","","","noon","pending",""
"ORDER-371402","health","Travel Posture Support Belt","سفر - الصحة والعافية","","","noon","pending",""
"ORDER-371403","health","Travel Smart Fitness Scale","سفر - الصحة والعافية","","","noon","pending",""
"ORDER-371404","health","Travel Massage Gun Set","سفر - الصحة والعافية","","","noon","pending",""
"ORDER-371405","health","Travel Neck Heating Massager","سفر - الصحة والعافية","","","noon","pending",""
"ORDER-371406","health","Travel Digital Blood Pressure Monitor","سفر - الصحة والعافية","","","noon","pending",""
"ORDER-371407","health","Travel Walking Pad Compact Treadmill","سفر - الصحة والعافية","","","noon","pending",""
"ORDER-371408","health","Travel Resistance Band Training Kit","سفر - الصحة والعافية","","","noon","pending",""
"ORDER-371409","health","Travel Air Quality Monitor","سفر - الصحة والعافية","","","noon","pending",""
"ORDER-371410","health","Travel Ergonomic Office Cushion","سفر - الصحة والعافية","","","noon","pending",""
"ORDER-371411","sports","Retail Outdoor Cooling Gear","تجزئة - رياضة وخارج المنزل","","","noon","pending",""
"ORDER-371412","sports","Retail Foldable Camping Chair","تجزئة - رياضة وخارج المنزل","","","noon","pending",""
"ORDER-371413","sports","Retail Hydration Fitness Pack","تجزئة - رياضة وخارج المنزل","","","noon","pending",""
"ORDER-371414","sports","Retail Padel Racket Starter Set","تجزئة - رياضة وخارج المنزل","","","noon","pending",""
"ORDER-371415","sports","Retail Yoga Mat Fitness Kit","تجزئة - رياضة وخارج المنزل","","","noon","pending",""
"ORDER-371416","sports","Retail Adjustable Dumbbell Set","تجزئة - رياضة وخارج المنزل","","","noon","pending",""
"ORDER-371417","sports","Retail Camping Lantern Power Bank","تجزئة - رياضة وخارج المنزل","","","noon","pending",""
"ORDER-371418","sports","Retail Cooling Sports Towel Pack","تجزئة - رياضة وخارج المنزل","","","noon","pending",""
"ORDER-371419","sports","Retail Insulated Water Bottle Set","تجزئة - رياضة وخارج المنزل","","","noon","pending",""
"ORDER-371420","sports","Retail Portable Beach Shade","تجزئة - رياضة وخارج المنزل","","","noon","pending",""
"ORDER-371421","sports","Pro Outdoor Cooling Gear","احترافي - رياضة وخارج المنزل","","","noon","pending",""
"ORDER-371422","sports","Pro Foldable Camping Chair","احترافي - رياضة وخارج المنزل","","","noon","pending",""
"ORDER-371423","sports","Pro Hydration Fitness Pack","احترافي - رياضة وخارج المنزل","","","noon","pending",""
"ORDER-371424","sports","Pro Padel Racket Starter Set","احترافي - رياضة وخارج المنزل","","","noon","pending",""
"ORDER-371425","sports","Pro Yoga Mat Fitness Kit","احترافي - رياضة وخارج المنزل","","","noon","pending",""
"ORDER-371426","sports","Pro Adjustable Dumbbell Set","احترافي - رياضة وخارج المنزل","","","noon","pending",""
"ORDER-371427","sports","Pro Camping Lantern Power Bank","احترافي - رياضة وخارج المنزل","","","noon","pending",""
"ORDER-371428","sports","Pro Cooling Sports Towel Pack","احترافي - رياضة وخارج المنزل","","","noon","pending",""
"ORDER-371429","sports","Pro Insulated Water Bottle Set","احترافي - رياضة وخارج المنزل","","","noon","pending",""
"ORDER-371430","sports","Pro Portable Beach Shade","احترافي - رياضة وخارج المنزل","","","noon","pending",""
"ORDER-371431","sports","Compact Outdoor Cooling Gear","مدمج - رياضة وخارج المنزل","","","noon","pending",""
"ORDER-371432","sports","Compact Foldable Camping Chair","مدمج - رياضة وخارج المنزل","","","noon","pending",""
"ORDER-371433","sports","Compact Hydration Fitness Pack","مدمج - رياضة وخارج المنزل","","","noon","pending",""
"ORDER-371434","sports","Compact Padel Racket Starter Set","مدمج - رياضة وخارج المنزل","","","noon","pending",""
"ORDER-371435","sports","Compact Yoga Mat Fitness Kit","مدمج - رياضة وخارج المنزل","","","noon","pending",""
"ORDER-371436","sports","Compact Adjustable Dumbbell Set","مدمج - رياضة وخارج المنزل","","","noon","pending",""
"ORDER-371437","sports","Compact Camping Lantern Power Bank","مدمج - رياضة وخارج المنزل","","","noon","pending",""
"ORDER-371438","sports","Compact Cooling Sports Towel Pack","مدمج - رياضة وخارج المنزل","","","noon","pending",""
"ORDER-371439","sports","Compact Insulated Water Bottle Set","مدمج - رياضة وخارج المنزل","","","noon","pending",""
"ORDER-371440","sports","Compact Portable Beach Shade","مدمج - رياضة وخارج المنزل","","","noon","pending",""
"ORDER-371441","sports","Premium Outdoor Cooling Gear","فاخر - رياضة وخارج المنزل","","","noon","pending",""
"ORDER-371442","sports","Premium Foldable Camping Chair","فاخر - رياضة وخارج المنزل","","","noon","pending",""
"ORDER-371443","sports","Premium Hydration Fitness Pack","فاخر - رياضة وخارج المنزل","","","noon","pending",""
"ORDER-371444","sports","Premium Padel Racket Starter Set","فاخر - رياضة وخارج المنزل","","","noon","pending",""
"ORDER-371445","sports","Premium Yoga Mat Fitness Kit","فاخر - رياضة وخارج المنزل","","","noon","pending",""
"ORDER-371446","sports","Premium Adjustable Dumbbell Set","فاخر - رياضة وخارج المنزل","","","noon","pending",""
"ORDER-371447","sports","Premium Camping Lantern Power Bank","فاخر - رياضة وخارج المنزل","","","noon","pending",""
"ORDER-371448","sports","Premium Cooling Sports Towel Pack","فاخر - رياضة وخارج المنزل","","","noon","pending",""
"ORDER-371449","sports","Premium Insulated Water Bottle Set","فاخر - رياضة وخارج المنزل","","","noon","pending",""
"ORDER-371450","sports","Premium Portable Beach Shade","فاخر - رياضة وخارج المنزل","","","noon","pending",""
"ORDER-371451","sports","Travel Outdoor Cooling Gear","سفر - رياضة وخارج المنزل","","","noon","pending",""
"ORDER-371452","sports","Travel Foldable Camping Chair","سفر - رياضة وخارج المنزل","","","noon","pending",""
"ORDER-371453","sports","Travel Hydration Fitness Pack","سفر - رياضة وخارج المنزل","","","noon","pending",""
"ORDER-371454","sports","Travel Padel Racket Starter Set","سفر - رياضة وخارج المنزل","","","noon","pending",""
"ORDER-371455","sports","Travel Yoga Mat Fitness Kit","سفر - رياضة وخارج المنزل","","","noon","pending",""
"ORDER-371456","sports","Travel Adjustable Dumbbell Set","سفر - رياضة وخارج المنزل","","","noon","pending",""
"ORDER-371457","sports","Travel Camping Lantern Power Bank","سفر - رياضة وخارج المنزل","","","noon","pending",""
"ORDER-371458","sports","Travel Cooling Sports Towel Pack","سفر - رياضة وخارج المنزل","","","noon","pending",""
"ORDER-371459","sports","Travel Insulated Water Bottle Set","سفر - رياضة وخارج المنزل","","","noon","pending",""
"ORDER-371460","sports","Travel Portable Beach Shade","سفر - رياضة وخارج المنزل","","","noon","pending",""
"ORDER-371461","creator","Retail Live Commerce Creator Kit","تجزئة - أدوات التجارة المباشرة","","","noon","pending",""
"ORDER-371462","creator","Retail Portable Studio Light","تجزئة - أدوات التجارة المباشرة","","","noon","pending",""
"ORDER-371463","creator","Retail Wireless Lavalier Mic Set","تجزئة - أدوات التجارة المباشرة","","","noon","pending",""
"ORDER-371464","creator","Retail Product Photo Light Box","تجزئة - أدوات التجارة المباشرة","","","noon","pending",""
"ORDER-371465","creator","Retail Phone Tripod With Remote","تجزئة - أدوات التجارة المباشرة","","","noon","pending",""
"ORDER-371466","creator","Retail Desktop Teleprompter Kit","تجزئة - أدوات التجارة المباشرة","","","noon","pending",""
"ORDER-371467","creator","Retail RGB Background Light Bar","تجزئة - أدوات التجارة المباشرة","","","noon","pending",""
"ORDER-371468","creator","Retail Mobile Gimbal Stabilizer","تجزئة - أدوات التجارة المباشرة","","","noon","pending",""
"ORDER-371469","creator","Retail USB Podcast Microphone","تجزئة - أدوات التجارة المباشرة","","","noon","pending",""
"ORDER-371470","creator","Retail Green Screen Backdrop Set","تجزئة - أدوات التجارة المباشرة","","","noon","pending",""
"ORDER-371471","creator","Pro Live Commerce Creator Kit","احترافي - أدوات التجارة المباشرة","","","noon","pending",""
"ORDER-371472","creator","Pro Portable Studio Light","احترافي - أدوات التجارة المباشرة","","","noon","pending",""
"ORDER-371473","creator","Pro Wireless Lavalier Mic Set","احترافي - أدوات التجارة المباشرة","","","noon","pending",""
"ORDER-371474","creator","Pro Product Photo Light Box","احترافي - أدوات التجارة المباشرة","","","noon","pending",""
"ORDER-371475","creator","Pro Phone Tripod With Remote","احترافي - أدوات التجارة المباشرة","","","noon","pending",""
"ORDER-371476","creator","Pro Desktop Teleprompter Kit","احترافي - أدوات التجارة المباشرة","","","noon","pending",""
"ORDER-371477","creator","Pro RGB Background Light Bar","احترافي - أدوات التجارة المباشرة","","","noon","pending",""
"ORDER-371478","creator","Pro Mobile Gimbal Stabilizer","احترافي - أدوات التجارة المباشرة","","","noon","pending",""
"ORDER-371479","creator","Pro USB Podcast Microphone","احترافي - أدوات التجارة المباشرة","","","noon","pending",""
"ORDER-371480","creator","Pro Green Screen Backdrop Set","احترافي - أدوات التجارة المباشرة","","","noon","pending",""
"ORDER-371481","creator","Compact Live Commerce Creator Kit","مدمج - أدوات التجارة المباشرة","","","noon","pending",""
"ORDER-371482","creator","Compact Portable Studio Light","مدمج - أدوات التجارة المباشرة","","","noon","pending",""
"ORDER-371483","creator","Compact Wireless Lavalier Mic Set","مدمج - أدوات التجارة المباشرة","","","noon","pending",""
"ORDER-371484","creator","Compact Product Photo Light Box","مدمج - أدوات التجارة المباشرة","","","noon","pending",""
"ORDER-371485","creator","Compact Phone Tripod With Remote","مدمج - أدوات التجارة المباشرة","","","noon","pending",""
"ORDER-371486","creator","Compact Desktop Teleprompter Kit","مدمج - أدوات التجارة المباشرة","","","noon","pending",""
"ORDER-371487","creator","Compact RGB Background Light Bar","مدمج - أدوات التجارة المباشرة","","","noon","pending",""
"ORDER-371488","creator","Compact Mobile Gimbal Stabilizer","مدمج - أدوات التجارة المباشرة","","","noon","pending",""
"ORDER-371489","creator","Compact USB Podcast Microphone","مدمج - أدوات التجارة المباشرة","","","noon","pending",""
"ORDER-371490","creator","Compact Green Screen Backdrop Set","مدمج - أدوات التجارة المباشرة","","","noon","pending",""
"ORDER-371491","creator","Premium Live Commerce Creator Kit","فاخر - أدوات التجارة المباشرة","","","noon","pending",""
"ORDER-371492","creator","Premium Portable Studio Light","فاخر - أدوات التجارة المباشرة","","","noon","pending",""
"ORDER-371493","creator","Premium Wireless Lavalier Mic Set","فاخر - أدوات التجارة المباشرة","","","noon","pending",""
"ORDER-371494","creator","Premium Product Photo Light Box","فاخر - أدوات التجارة المباشرة","","","noon","pending",""
"ORDER-371495","creator","Premium Phone Tripod With Remote","فاخر - أدوات التجارة المباشرة","","","noon","pending",""
"ORDER-371496","creator","Premium Desktop Teleprompter Kit","فاخر - أدوات التجارة المباشرة","","","noon","pending",""
"ORDER-371497","creator","Premium RGB Background Light Bar","فاخر - أدوات التجارة المباشرة","","","noon","pending",""
"ORDER-371498","creator","Premium Mobile Gimbal Stabilizer","فاخر - أدوات التجارة المباشرة","","","noon","pending",""
"ORDER-371499","creator","Premium USB Podcast Microphone","فاخر - أدوات التجارة المباشرة","","","noon","pending",""
"ORDER-371500","creator","Premium Green Screen Backdrop Set","فاخر - أدوات التجارة المباشرة","","","noon","pending",""
"ORDER-371501","creator","Travel Live Commerce Creator Kit","سفر - أدوات التجارة المباشرة","","","noon","pending",""
"ORDER-371502","creator","Travel Portable Studio Light","سفر - أدوات التجارة المباشرة","","","noon","pending",""
"ORDER-371503","creator","Travel Wireless Lavalier Mic Set","سفر - أدوات التجارة المباشرة","","","noon","pending",""
"ORDER-371504","creator","Travel Product Photo Light Box","سفر - أدوات التجارة المباشرة","","","noon","pending",""
"ORDER-371505","creator","Travel Phone Tripod With Remote","سفر - أدوات التجارة المباشرة","","","noon","pending",""
"ORDER-371506","creator","Travel Desktop Teleprompter Kit","سفر - أدوات التجارة المباشرة","","","noon","pending",""
"ORDER-371507","creator","Travel RGB Background Light Bar","سفر - أدوات التجارة المباشرة","","","noon","pending",""
"ORDER-371508","creator","Travel Mobile Gimbal Stabilizer","سفر - أدوات التجارة المباشرة","","","noon","pending",""
"ORDER-371509","creator","Travel USB Podcast Microphone","سفر - أدوات التجارة المباشرة","","","noon","pending",""
"ORDER-371510","creator","Travel Green Screen Backdrop Set","سفر - أدوات التجارة المباشرة","","","noon","pending",""
"ORDER-371511","travel","Retail Premium Travel Bag Set","تجزئة - السفر والحقائب","","","noon","pending",""
"ORDER-371512","travel","Retail Smart Carry-On Scale","تجزئة - السفر والحقائب","","","noon","pending",""
"ORDER-371513","travel","Retail Luxury Packing Cube Set","تجزئة - السفر والحقائب","","","noon","pending",""
"ORDER-371514","travel","Retail Universal Travel Adapter","تجزئة - السفر والحقائب","","","noon","pending",""
"ORDER-371515","travel","Retail Hardshell Luggage Set","تجزئة - السفر والحقائب","","","noon","pending",""
"ORDER-371516","travel","Retail Anti-Theft Backpack","تجزئة - السفر والحقائب","","","noon","pending",""
"ORDER-371517","travel","Retail Travel Toiletry Organizer","تجزئة - السفر والحقائب","","","noon","pending",""
"ORDER-371518","travel","Retail Memory Foam Neck Pillow","تجزئة - السفر والحقائب","","","noon","pending",""
"ORDER-371519","travel","Retail Passport Wallet Set","تجزئة - السفر والحقائب","","","noon","pending",""
"ORDER-371520","travel","Retail Foldable Weekender Bag","تجزئة - السفر والحقائب","","","noon","pending",""
"ORDER-371521","travel","Pro Premium Travel Bag Set","احترافي - السفر والحقائب","","","noon","pending",""
"ORDER-371522","travel","Pro Smart Carry-On Scale","احترافي - السفر والحقائب","","","noon","pending",""
"ORDER-371523","travel","Pro Luxury Packing Cube Set","احترافي - السفر والحقائب","","","noon","pending",""
"ORDER-371524","travel","Pro Universal Travel Adapter","احترافي - السفر والحقائب","","","noon","pending",""
"ORDER-371525","travel","Pro Hardshell Luggage Set","احترافي - السفر والحقائب","","","noon","pending",""
"ORDER-371526","travel","Pro Anti-Theft Backpack","احترافي - السفر والحقائب","","","noon","pending",""
"ORDER-371527","travel","Pro Travel Toiletry Organizer","احترافي - السفر والحقائب","","","noon","pending",""
"ORDER-371528","travel","Pro Memory Foam Neck Pillow","احترافي - السفر والحقائب","","","noon","pending",""
"ORDER-371529","travel","Pro Passport Wallet Set","احترافي - السفر والحقائب","","","noon","pending",""
"ORDER-371530","travel","Pro Foldable Weekender Bag","احترافي - السفر والحقائب","","","noon","pending",""
"ORDER-371531","travel","Compact Premium Travel Bag Set","مدمج - السفر والحقائب","","","noon","pending",""
"ORDER-371532","travel","Compact Smart Carry-On Scale","مدمج - السفر والحقائب","","","noon","pending",""
"ORDER-371533","travel","Compact Luxury Packing Cube Set","مدمج - السفر والحقائب","","","noon","pending",""
"ORDER-371534","travel","Compact Universal Travel Adapter","مدمج - السفر والحقائب","","","noon","pending",""
"ORDER-371535","travel","Compact Hardshell Luggage Set","مدمج - السفر والحقائب","","","noon","pending",""
"ORDER-371536","travel","Compact Anti-Theft Backpack","مدمج - السفر والحقائب","","","noon","pending",""
"ORDER-371537","travel","Compact Travel Toiletry Organizer","مدمج - السفر والحقائب","","","noon","pending",""
"ORDER-371538","travel","Compact Memory Foam Neck Pillow","مدمج - السفر والحقائب","","","noon","pending",""
"ORDER-371539","travel","Compact Passport Wallet Set","مدمج - السفر والحقائب","","","noon","pending",""
"ORDER-371540","travel","Compact Foldable Weekender Bag","مدمج - السفر والحقائب","","","noon","pending",""
"ORDER-371541","travel","Premium Premium Travel Bag Set","فاخر - السفر والحقائب","","","noon","pending",""
"ORDER-371542","travel","Premium Smart Carry-On Scale","فاخر - السفر والحقائب","","","noon","pending",""
"ORDER-371543","travel","Premium Luxury Packing Cube Set","فاخر - السفر والحقائب","","","noon","pending",""
"ORDER-371544","travel","Premium Universal Travel Adapter","فاخر - السفر والحقائب","","","noon","pending",""
"ORDER-371545","travel","Premium Hardshell Luggage Set","فاخر - السفر والحقائب","","","noon","pending",""
"ORDER-371546","travel","Premium Anti-Theft Backpack","فاخر - السفر والحقائب","","","noon","pending",""
"ORDER-371547","travel","Premium Travel Toiletry Organizer","فاخر - السفر والحقائب","","","noon","pending",""
"ORDER-371548","travel","Premium Memory Foam Neck Pillow","فاخر - السفر والحقائب","","","noon","pending",""
"ORDER-371549","travel","Premium Passport Wallet Set","فاخر - السفر والحقائب","","","noon","pending",""
"ORDER-371550","travel","Premium Foldable Weekender Bag","فاخر - السفر والحقائب","","","noon","pending",""
"ORDER-371551","travel","Travel Premium Travel Bag Set","سفر - السفر والحقائب","","","noon","pending",""
"ORDER-371552","travel","Travel Smart Carry-On Scale","سفر - السفر والحقائب","","","noon","pending",""
"ORDER-371553","travel","Travel Luxury Packing Cube Set","سفر - السفر والحقائب","","","noon","pending",""
"ORDER-371554","travel","Travel Universal Travel Adapter","سفر - السفر والحقائب","","","noon","pending",""
"ORDER-371555","travel","Travel Hardshell Luggage Set","سفر - السفر والحقائب","","","noon","pending",""
"ORDER-371556","travel","Travel Anti-Theft Backpack","سفر - السفر والحقائب","","","noon","pending",""
"ORDER-371557","travel","Travel Travel Toiletry Organizer","سفر - السفر والحقائب","","","noon","pending",""
"ORDER-371558","travel","Travel Memory Foam Neck Pillow","سفر - السفر والحقائب","","","noon","pending",""
"ORDER-371559","travel","Travel Passport Wallet Set","سفر - السفر والحقائب","","","noon","pending",""
"ORDER-371560","travel","Travel Foldable Weekender Bag","سفر - السفر والحقائب","","","noon","pending",""
"ORDER-371561","gaming","Retail Console Accessory Kit","تجزئة - الألعاب والترفيه","","","noon","pending",""
"ORDER-371562","gaming","Retail RGB Gaming Headset","تجزئة - الألعاب والترفيه","","","noon","pending",""
"ORDER-371563","gaming","Retail Mechanical Keyboard Set","تجزئة - الألعاب والترفيه","","","noon","pending",""
"ORDER-371564","gaming","Retail Wireless Gaming Mouse","تجزئة - الألعاب والترفيه","","","noon","pending",""
"ORDER-371565","gaming","Retail Mobile Game Controller","تجزئة - الألعاب والترفيه","","","noon","pending",""
"ORDER-371566","gaming","Retail LED Gaming Desk Mat","تجزئة - الألعاب والترفيه","","","noon","pending",""
"ORDER-371567","gaming","Retail Streaming Capture Card","تجزئة - الألعاب والترفيه","","","noon","pending",""
"ORDER-371568","gaming","Retail Gaming Chair Footrest","تجزئة - الألعاب والترفيه","","","noon","pending",""
"ORDER-371569","gaming","Retail Portable Mini Projector","تجزئة - الألعاب والترفيه","","","noon","pending",""
"ORDER-371570","gaming","Retail VR Headset Carry Case","تجزئة - الألعاب والترفيه","","","noon","pending",""
"ORDER-371571","gaming","Pro Console Accessory Kit","احترافي - الألعاب والترفيه","","","noon","pending",""
"ORDER-371572","gaming","Pro RGB Gaming Headset","احترافي - الألعاب والترفيه","","","noon","pending",""
"ORDER-371573","gaming","Pro Mechanical Keyboard Set","احترافي - الألعاب والترفيه","","","noon","pending",""
"ORDER-371574","gaming","Pro Wireless Gaming Mouse","احترافي - الألعاب والترفيه","","","noon","pending",""
"ORDER-371575","gaming","Pro Mobile Game Controller","احترافي - الألعاب والترفيه","","","noon","pending",""
"ORDER-371576","gaming","Pro LED Gaming Desk Mat","احترافي - الألعاب والترفيه","","","noon","pending",""
"ORDER-371577","gaming","Pro Streaming Capture Card","احترافي - الألعاب والترفيه","","","noon","pending",""
"ORDER-371578","gaming","Pro Gaming Chair Footrest","احترافي - الألعاب والترفيه","","","noon","pending",""
"ORDER-371579","gaming","Pro Portable Mini Projector","احترافي - الألعاب والترفيه","","","noon","pending",""
"ORDER-371580","gaming","Pro VR Headset Carry Case","احترافي - الألعاب والترفيه","","","noon","pending",""
"ORDER-371581","gaming","Compact Console Accessory Kit","مدمج - الألعاب والترفيه","","","noon","pending",""
"ORDER-371582","gaming","Compact RGB Gaming Headset","مدمج - الألعاب والترفيه","","","noon","pending",""
"ORDER-371583","gaming","Compact Mechanical Keyboard Set","مدمج - الألعاب والترفيه","","","noon","pending",""
"ORDER-371584","gaming","Compact Wireless Gaming Mouse","مدمج - الألعاب والترفيه","","","noon","pending",""
"ORDER-371585","gaming","Compact Mobile Game Controller","مدمج - الألعاب والترفيه","","","noon","pending",""
"ORDER-371586","gaming","Compact LED Gaming Desk Mat","مدمج - الألعاب والترفيه","","","noon","pending",""
"ORDER-371587","gaming","Compact Streaming Capture Card","مدمج - الألعاب والترفيه","","","noon","pending",""
"ORDER-371588","gaming","Compact Gaming Chair Footrest","مدمج - الألعاب والترفيه","","","noon","pending",""
"ORDER-371589","gaming","Compact Portable Mini Projector","مدمج - الألعاب والترفيه","","","noon","pending",""
"ORDER-371590","gaming","Compact VR Headset Carry Case","مدمج - الألعاب والترفيه","","","noon","pending",""
"ORDER-371591","gaming","Premium Console Accessory Kit","فاخر - الألعاب والترفيه","","","noon","pending",""
"ORDER-371592","gaming","Premium RGB Gaming Headset","فاخر - الألعاب والترفيه","","","noon","pending",""
"ORDER-371593","gaming","Premium Mechanical Keyboard Set","فاخر - الألعاب والترفيه","","","noon","pending",""
"ORDER-371594","gaming","Premium Wireless Gaming Mouse","فاخر - الألعاب والترفيه","","","noon","pending",""
"ORDER-371595","gaming","Premium Mobile Game Controller","فاخر - الألعاب والترفيه","","","noon","pending",""
"ORDER-371596","gaming","Premium LED Gaming Desk Mat","فاخر - الألعاب والترفيه","","","noon","pending",""
"ORDER-371597","gaming","Premium Streaming Capture Card","فاخر - الألعاب والترفيه","","","noon","pending",""
"ORDER-371598","gaming","Premium Gaming Chair Footrest","فاخر - الألعاب والترفيه","","","noon","pending",""
"ORDER-371599","gaming","Premium Portable Mini Projector","فاخر - الألعاب والترفيه","","","noon","pending",""
"ORDER-371600","gaming","Premium VR Headset Carry Case","فاخر - الألعاب والترفيه","","","noon","pending",""
"ORDER-371601","gaming","Travel Console Accessory Kit","سفر - الألعاب والترفيه","","","noon","pending",""
"ORDER-371602","gaming","Travel RGB Gaming Headset","سفر - الألعاب والترفيه","","","noon","pending",""
"ORDER-371603","gaming","Travel Mechanical Keyboard Set","سفر - الألعاب والترفيه","","","noon","pending",""
"ORDER-371604","gaming","Travel Wireless Gaming Mouse","سفر - الألعاب والترفيه","","","noon","pending",""
"ORDER-371605","gaming","Travel Mobile Game Controller","سفر - الألعاب والترفيه","","","noon","pending",""
"ORDER-371606","gaming","Travel LED Gaming Desk Mat","سفر - الألعاب والترفيه","","","noon","pending",""
"ORDER-371607","gaming","Travel Streaming Capture Card","سفر - الألعاب والترفيه","","","noon","pending",""
"ORDER-371608","gaming","Travel Gaming Chair Footrest","سفر - الألعاب والترفيه","","","noon","pending",""
"ORDER-371609","gaming","Travel Portable Mini Projector","سفر - الألعاب والترفيه","","","noon","pending",""
"ORDER-371610","gaming","Travel VR Headset Carry Case","سفر - الألعاب والترفيه","","","noon","pending",""